"Treatment","Crop","MD","Trap","Date","total_now","males","prop_males","attractant","phero_lure"
"Ppo","Alm","No",315,2017-06-28,57,38,0.666666666666667,"PPO","No pheromone lure"
"Ppo","Alm","No",315,2017-07-06,49,38,0.775510204081633,"PPO","No pheromone lure"
"Ppo","Alm","No",315,2017-07-11,18,13,0.722222222222222,"PPO","No pheromone lure"
"Ppo","Alm","No",315,2017-07-20,15,14,0.933333333333333,"PPO","No pheromone lure"
"Ppo","Alm","No",315,2017-08-01,18,14,0.777777777777778,"PPO","No pheromone lure"
"Ppo","Alm","No",315,2017-08-08,16,13,0.8125,"PPO","No pheromone lure"
"Ppo","Alm","No",315,2017-08-23,14,12,0.857142857142857,"PPO","No pheromone lure"
"Ppo","Alm","No",322,2017-06-15,12,10,0.833333333333333,"PPO","No pheromone lure"
"Ppo","Alm","No",322,2017-06-28,38,34,0.894736842105263,"PPO","No pheromone lure"
"Ppo","Alm","No",322,2017-07-06,62,53,0.854838709677419,"PPO","No pheromone lure"
"Ppo","Alm","No",322,2017-07-11,11,7,0.636363636363636,"PPO","No pheromone lure"
"Ppo","Alm","No",322,2017-07-20,5,4,0.8,"PPO","No pheromone lure"
"Ppo","Alm","No",322,2017-07-27,12,11,0.916666666666667,"PPO","No pheromone lure"
"Ppo","Alm","No",322,2017-08-01,16,13,0.8125,"PPO","No pheromone lure"
"Ppo","Alm","No",322,2017-08-08,19,16,0.842105263157895,"PPO","No pheromone lure"
"Ppo","Alm","No",322,2017-08-23,16,12,0.75,"PPO","No pheromone lure"
"Ppo","Alm","No",333,2017-06-28,34,27,0.794117647058823,"PPO","No pheromone lure"
"Ppo","Alm","No",333,2017-07-06,52,40,0.769230769230769,"PPO","No pheromone lure"
"Ppo","Alm","No",333,2017-07-11,13,12,0.923076923076923,"PPO","No pheromone lure"
"Ppo","Alm","No",333,2017-07-20,5,4,0.8,"PPO","No pheromone lure"
"Ppo","Alm","No",333,2017-08-01,15,13,0.866666666666667,"PPO","No pheromone lure"
"Ppo","Alm","No",333,2017-08-08,22,18,0.818181818181818,"PPO","No pheromone lure"
"Ppo","Alm","No",333,2017-08-23,32,21,0.65625,"PPO","No pheromone lure"
"Ppo","Alm","No",345,2017-06-28,74,62,0.837837837837838,"PPO","No pheromone lure"
"Ppo","Alm","No",345,2017-07-06,65,57,0.876923076923077,"PPO","No pheromone lure"
"Ppo","Alm","No",345,2017-07-11,23,19,0.826086956521739,"PPO","No pheromone lure"
"Ppo","Alm","No",345,2017-07-20,16,13,0.8125,"PPO","No pheromone lure"
"Ppo","Alm","No",345,2017-08-01,13,11,0.846153846153846,"PPO","No pheromone lure"
"Ppo","Alm","No",345,2017-08-08,13,11,0.846153846153846,"PPO","No pheromone lure"
"Ppo","Alm","No",345,2017-08-23,34,31,0.911764705882353,"PPO","No pheromone lure"
"Ppo","Alm","No",351,2017-06-15,4,3,0.75,"PPO","No pheromone lure"
"Ppo","Alm","No",351,2017-06-28,59,44,0.745762711864407,"PPO","No pheromone lure"
"Ppo","Alm","No",351,2017-07-06,45,39,0.866666666666667,"PPO","No pheromone lure"
"Ppo","Alm","No",351,2017-07-11,11,10,0.909090909090909,"PPO","No pheromone lure"
"Ppo","Alm","No",351,2017-07-20,12,12,1,"PPO","No pheromone lure"
"Ppo","Alm","No",351,2017-07-27,15,13,0.866666666666667,"PPO","No pheromone lure"
"Ppo","Alm","No",351,2017-08-01,16,15,0.9375,"PPO","No pheromone lure"
"Ppo","Alm","No",351,2017-08-08,18,13,0.722222222222222,"PPO","No pheromone lure"
"Ppo","Alm","No",351,2017-08-23,49,46,0.938775510204082,"PPO","No pheromone lure"
"Ppo","Alm","No",362,2017-06-15,3,3,1,"PPO","No pheromone lure"
"Ppo","Alm","No",362,2017-06-22,15,14,0.933333333333333,"PPO","No pheromone lure"
"Ppo","Alm","No",362,2017-07-20,14,12,0.857142857142857,"PPO","No pheromone lure"
"Ppo","Alm","No",362,2017-07-27,13,9,0.692307692307692,"PPO","No pheromone lure"
"Ppo","Alm","No",362,2017-08-01,20,18,0.9,"PPO","No pheromone lure"
"Ppo","Alm","No",362,2017-08-08,21,16,0.761904761904762,"PPO","No pheromone lure"
"Ppo","Alm","No",375,2017-06-15,6,6,1,"PPO","No pheromone lure"
"Ppo","Alm","No",375,2017-06-22,35,27,0.771428571428571,"PPO","No pheromone lure"
"Ppo","Alm","No",375,2017-06-28,60,49,0.816666666666667,"PPO","No pheromone lure"
"Ppo","Alm","No",375,2017-07-06,72,58,0.805555555555556,"PPO","No pheromone lure"
"Ppo","Alm","No",375,2017-07-11,14,12,0.857142857142857,"PPO","No pheromone lure"
"Ppo","Alm","No",375,2017-07-20,14,10,0.714285714285714,"PPO","No pheromone lure"
"Ppo","Alm","No",375,2017-07-27,16,14,0.875,"PPO","No pheromone lure"
"Ppo","Alm","No",375,2017-08-01,16,14,0.875,"PPO","No pheromone lure"
"Ppo","Alm","No",375,2017-08-08,22,12,0.545454545454545,"PPO","No pheromone lure"
"Ppo","Alm","No",375,2017-08-23,43,38,0.883720930232558,"PPO","No pheromone lure"
"Ppo","Alm","No",382,2017-06-22,17,14,0.823529411764706,"PPO","No pheromone lure"
"Ppo","Alm","No",382,2017-06-28,17,14,0.823529411764706,"PPO","No pheromone lure"
"Ppo","Alm","No",382,2017-07-06,33,25,0.757575757575758,"PPO","No pheromone lure"
"Ppo","Alm","No",382,2017-07-11,11,10,0.909090909090909,"PPO","No pheromone lure"
"Ppo","Alm","No",382,2017-08-01,7,6,0.857142857142857,"PPO","No pheromone lure"
"Ppo","Alm","No",382,2017-08-08,16,11,0.6875,"PPO","No pheromone lure"
"Ppo","Alm","No",382,2017-08-23,17,15,0.882352941176471,"PPO","No pheromone lure"
"Ppo","Alm","Yes",114,2017-06-15,6,4,0.666666666666667,"PPO","No pheromone lure"
"Ppo","Alm","Yes",114,2017-06-23,9,9,1,"PPO","No pheromone lure"
"Ppo","Alm","Yes",114,2017-06-29,6,4,0.666666666666667,"PPO","No pheromone lure"
"Ppo","Alm","Yes",114,2017-07-05,5,4,0.8,"PPO","No pheromone lure"
"Ppo","Alm","Yes",114,2017-07-14,2,2,1,"PPO","No pheromone lure"
"Ppo","Alm","Yes",114,2017-07-18,3,1,0.333333333333333,"PPO","No pheromone lure"
"Ppo","Alm","Yes",114,2017-08-09,10,7,0.7,"PPO","No pheromone lure"
"Ppo","Alm","Yes",114,2017-08-15,13,9,0.692307692307692,"PPO","No pheromone lure"
"Ppo","Alm","Yes",114,2017-09-07,6,4,0.666666666666667,"PPO","No pheromone lure"
"Ppo","Alm","Yes",125,2017-06-15,2,0,0,"PPO","No pheromone lure"
"Ppo","Alm","Yes",125,2017-06-23,7,5,0.714285714285714,"PPO","No pheromone lure"
"Ppo","Alm","Yes",125,2017-06-29,16,11,0.6875,"PPO","No pheromone lure"
"Ppo","Alm","Yes",125,2017-07-05,10,9,0.9,"PPO","No pheromone lure"
"Ppo","Alm","Yes",125,2017-07-14,6,2,0.333333333333333,"PPO","No pheromone lure"
"Ppo","Alm","Yes",125,2017-07-18,8,5,0.625,"PPO","No pheromone lure"
"Ppo","Alm","Yes",125,2017-08-09,12,8,0.666666666666667,"PPO","No pheromone lure"
"Ppo","Alm","Yes",125,2017-08-15,31,28,0.903225806451613,"PPO","No pheromone lure"
"Ppo","Alm","Yes",125,2017-09-07,9,6,0.666666666666667,"PPO","No pheromone lure"
"Ppo","Alm","Yes",135,2017-06-15,3,2,0.666666666666667,"PPO","No pheromone lure"
"Ppo","Alm","Yes",135,2017-06-23,15,11,0.733333333333333,"PPO","No pheromone lure"
"Ppo","Alm","Yes",135,2017-06-29,9,6,0.666666666666667,"PPO","No pheromone lure"
"Ppo","Alm","Yes",135,2017-07-05,8,5,0.625,"PPO","No pheromone lure"
"Ppo","Alm","Yes",135,2017-07-14,3,0,0,"PPO","No pheromone lure"
"Ppo","Alm","Yes",135,2017-07-18,2,1,0.5,"PPO","No pheromone lure"
"Ppo","Alm","Yes",135,2017-08-09,13,9,0.692307692307692,"PPO","No pheromone lure"
"Ppo","Alm","Yes",135,2017-08-15,48,37,0.770833333333333,"PPO","No pheromone lure"
"Ppo","Alm","Yes",135,2017-09-07,14,12,0.857142857142857,"PPO","No pheromone lure"
"Ppo","Alm","Yes",143,2017-06-15,4,3,0.75,"PPO","No pheromone lure"
"Ppo","Alm","Yes",143,2017-06-29,11,6,0.545454545454545,"PPO","No pheromone lure"
"Ppo","Alm","Yes",143,2017-07-05,4,3,0.75,"PPO","No pheromone lure"
"Ppo","Alm","Yes",143,2017-07-14,2,1,0.5,"PPO","No pheromone lure"
"Ppo","Alm","Yes",143,2017-07-18,5,3,0.6,"PPO","No pheromone lure"
"Ppo","Alm","Yes",143,2017-08-09,6,4,0.666666666666667,"PPO","No pheromone lure"
"Ppo","Alm","Yes",143,2017-08-15,12,9,0.75,"PPO","No pheromone lure"
"Ppo","Alm","Yes",143,2017-09-07,6,5,0.833333333333333,"PPO","No pheromone lure"
"Ppo","Alm","Yes",155,2017-06-15,4,3,0.75,"PPO","No pheromone lure"
"Ppo","Alm","Yes",155,2017-06-23,3,1,0.333333333333333,"PPO","No pheromone lure"
"Ppo","Alm","Yes",155,2017-07-05,2,2,1,"PPO","No pheromone lure"
"Ppo","Alm","Yes",155,2017-07-14,4,3,0.75,"PPO","No pheromone lure"
"Ppo","Alm","Yes",155,2017-07-18,8,5,0.625,"PPO","No pheromone lure"
"Ppo","Alm","Yes",155,2017-08-02,2,1,0.5,"PPO","No pheromone lure"
"Ppo","Alm","Yes",155,2017-08-09,4,2,0.5,"PPO","No pheromone lure"
"Ppo","Alm","Yes",155,2017-08-15,8,5,0.625,"PPO","No pheromone lure"
"Ppo","Alm","Yes",155,2017-09-07,6,5,0.833333333333333,"PPO","No pheromone lure"
"Ppo","Alm","Yes",162,2017-06-15,1,1,1,"PPO","No pheromone lure"
"Ppo","Alm","Yes",162,2017-06-23,15,11,0.733333333333333,"PPO","No pheromone lure"
"Ppo","Alm","Yes",162,2017-06-29,13,9,0.692307692307692,"PPO","No pheromone lure"
"Ppo","Alm","Yes",162,2017-08-09,2,1,0.5,"PPO","No pheromone lure"
"Ppo","Alm","Yes",162,2017-08-15,16,11,0.6875,"PPO","No pheromone lure"
"Ppo","Alm","Yes",162,2017-09-07,5,4,0.8,"PPO","No pheromone lure"
"Ppo","Alm","Yes",174,2017-06-15,4,1,0.25,"PPO","No pheromone lure"
"Ppo","Alm","Yes",174,2017-06-23,7,5,0.714285714285714,"PPO","No pheromone lure"
"Ppo","Alm","Yes",174,2017-06-29,11,5,0.454545454545455,"PPO","No pheromone lure"
"Ppo","Alm","Yes",174,2017-07-05,9,8,0.888888888888889,"PPO","No pheromone lure"
"Ppo","Alm","Yes",174,2017-07-14,2,2,1,"PPO","No pheromone lure"
"Ppo","Alm","Yes",174,2017-07-18,3,2,0.666666666666667,"PPO","No pheromone lure"
"Ppo","Alm","Yes",174,2017-08-09,3,2,0.666666666666667,"PPO","No pheromone lure"
"Ppo","Alm","Yes",174,2017-08-15,9,5,0.555555555555556,"PPO","No pheromone lure"
"Ppo","Alm","Yes",174,2017-09-07,6,3,0.5,"PPO","No pheromone lure"
"Ppo","Alm","Yes",182,2017-06-15,1,1,1,"PPO","No pheromone lure"
"Ppo","Alm","Yes",182,2017-06-23,5,3,0.6,"PPO","No pheromone lure"
"Ppo","Alm","Yes",182,2017-06-29,7,5,0.714285714285714,"PPO","No pheromone lure"
"Ppo","Alm","Yes",182,2017-07-05,2,2,1,"PPO","No pheromone lure"
"Ppo","Alm","Yes",182,2017-07-14,2,1,0.5,"PPO","No pheromone lure"
"Ppo","Alm","Yes",182,2017-08-15,7,4,0.571428571428571,"PPO","No pheromone lure"
"Ppo","Alm","Yes",182,2017-09-07,1,1,1,"PPO","No pheromone lure"
"Ppo","Pis","No",413,2017-06-15,1,0,0,"PPO","No pheromone lure"
"Ppo","Pis","No",413,2017-06-22,8,7,0.875,"PPO","No pheromone lure"
"Ppo","Pis","No",413,2017-06-28,13,12,0.923076923076923,"PPO","No pheromone lure"
"Ppo","Pis","No",413,2017-07-06,11,9,0.818181818181818,"PPO","No pheromone lure"
"Ppo","Pis","No",413,2017-07-12,15,11,0.733333333333333,"PPO","No pheromone lure"
"Ppo","Pis","No",413,2017-07-20,3,3,1,"PPO","No pheromone lure"
"Ppo","Pis","No",413,2017-08-01,4,2,0.5,"PPO","No pheromone lure"
"Ppo","Pis","No",413,2017-08-17,11,7,0.636363636363636,"PPO","No pheromone lure"
"Ppo","Pis","No",413,2017-08-24,20,14,0.7,"PPO","No pheromone lure"
"Ppo","Pis","No",423,2017-06-15,2,1,0.5,"PPO","No pheromone lure"
"Ppo","Pis","No",423,2017-06-22,8,8,1,"PPO","No pheromone lure"
"Ppo","Pis","No",423,2017-06-28,15,14,0.933333333333333,"PPO","No pheromone lure"
"Ppo","Pis","No",423,2017-07-06,6,4,0.666666666666667,"PPO","No pheromone lure"
"Ppo","Pis","No",423,2017-07-12,10,8,0.8,"PPO","No pheromone lure"
"Ppo","Pis","No",423,2017-07-20,3,2,0.666666666666667,"PPO","No pheromone lure"
"Ppo","Pis","No",423,2017-08-01,2,2,1,"PPO","No pheromone lure"
"Ppo","Pis","No",423,2017-08-17,9,7,0.777777777777778,"PPO","No pheromone lure"
"Ppo","Pis","No",423,2017-08-24,26,17,0.653846153846154,"PPO","No pheromone lure"
"Ppo","Pis","No",431,2017-06-15,4,3,0.75,"PPO","No pheromone lure"
"Ppo","Pis","No",431,2017-06-28,17,13,0.764705882352941,"PPO","No pheromone lure"
"Ppo","Pis","No",431,2017-07-06,6,5,0.833333333333333,"PPO","No pheromone lure"
"Ppo","Pis","No",431,2017-07-12,18,14,0.777777777777778,"PPO","No pheromone lure"
"Ppo","Pis","No",431,2017-07-20,5,5,1,"PPO","No pheromone lure"
"Ppo","Pis","No",431,2017-08-01,1,1,1,"PPO","No pheromone lure"
"Ppo","Pis","No",431,2017-08-17,8,5,0.625,"PPO","No pheromone lure"
"Ppo","Pis","No",431,2017-08-24,12,9,0.75,"PPO","No pheromone lure"
"Ppo","Pis","No",443,2017-06-15,11,9,0.818181818181818,"PPO","No pheromone lure"
"Ppo","Pis","No",443,2017-06-28,5,5,1,"PPO","No pheromone lure"
"Ppo","Pis","No",443,2017-07-06,19,14,0.736842105263158,"PPO","No pheromone lure"
"Ppo","Pis","No",443,2017-07-12,5,4,0.8,"PPO","No pheromone lure"
"Ppo","Pis","No",443,2017-07-20,12,9,0.75,"PPO","No pheromone lure"
"Ppo","Pis","No",443,2017-08-01,2,2,1,"PPO","No pheromone lure"
"Ppo","Pis","No",443,2017-08-17,10,9,0.9,"PPO","No pheromone lure"
"Ppo","Pis","No",443,2017-08-24,19,11,0.578947368421053,"PPO","No pheromone lure"
"Ppo","Pis","No",452,2017-06-15,1,1,1,"PPO","No pheromone lure"
"Ppo","Pis","No",452,2017-07-20,5,4,0.8,"PPO","No pheromone lure"
"Ppo","Pis","No",452,2017-07-27,2,2,1,"PPO","No pheromone lure"
"Ppo","Pis","No",452,2017-08-17,7,4,0.571428571428571,"PPO","No pheromone lure"
"Ppo","Pis","No",452,2017-08-24,16,14,0.875,"PPO","No pheromone lure"
"Ppo","Pis","No",464,2017-06-15,4,3,0.75,"PPO","No pheromone lure"
"Ppo","Pis","No",464,2017-06-22,9,8,0.888888888888889,"PPO","No pheromone lure"
"Ppo","Pis","No",464,2017-06-28,12,12,1,"PPO","No pheromone lure"
"Ppo","Pis","No",464,2017-07-06,6,5,0.833333333333333,"PPO","No pheromone lure"
"Ppo","Pis","No",464,2017-07-12,10,6,0.6,"PPO","No pheromone lure"
"Ppo","Pis","No",464,2017-07-20,8,7,0.875,"PPO","No pheromone lure"
"Ppo","Pis","No",464,2017-08-01,2,1,0.5,"PPO","No pheromone lure"
"Ppo","Pis","No",464,2017-08-17,10,7,0.7,"PPO","No pheromone lure"
"Ppo","Pis","No",464,2017-08-24,18,15,0.833333333333333,"PPO","No pheromone lure"
"Ppo","Pis","No",475,2017-06-15,9,9,1,"PPO","No pheromone lure"
"Ppo","Pis","No",475,2017-06-22,23,19,0.826086956521739,"PPO","No pheromone lure"
"Ppo","Pis","No",475,2017-06-28,16,14,0.875,"PPO","No pheromone lure"
"Ppo","Pis","No",475,2017-07-06,29,22,0.758620689655172,"PPO","No pheromone lure"
"Ppo","Pis","No",475,2017-07-12,20,15,0.75,"PPO","No pheromone lure"
"Ppo","Pis","No",475,2017-07-20,11,9,0.818181818181818,"PPO","No pheromone lure"
"Ppo","Pis","No",475,2017-07-27,11,8,0.727272727272727,"PPO","No pheromone lure"
"Ppo","Pis","No",475,2017-08-01,4,3,0.75,"PPO","No pheromone lure"
"Ppo","Pis","No",475,2017-08-17,15,12,0.8,"PPO","No pheromone lure"
"Ppo","Pis","No",475,2017-08-24,17,12,0.705882352941177,"PPO","No pheromone lure"
"Ppo","Pis","No",482,2017-06-15,6,4,0.666666666666667,"PPO","No pheromone lure"
"Ppo","Pis","No",482,2017-06-22,1,1,1,"PPO","No pheromone lure"
"Ppo","Pis","No",482,2017-07-20,4,3,0.75,"PPO","No pheromone lure"
"Ppo","Pis","No",482,2017-07-27,4,4,1,"PPO","No pheromone lure"
"Ppo","Pis","No",482,2017-08-01,2,2,1,"PPO","No pheromone lure"
"Ppo","Pis","No",482,2017-08-17,7,5,0.714285714285714,"PPO","No pheromone lure"
"Ppo","Pis","No",482,2017-08-24,12,9,0.75,"PPO","No pheromone lure"
"Ppo","Pis","Yes",212,2017-06-23,1,1,1,"PPO","No pheromone lure"
"Ppo","Pis","Yes",212,2017-06-29,3,2,0.666666666666667,"PPO","No pheromone lure"
"Ppo","Pis","Yes",212,2017-07-05,3,2,0.666666666666667,"PPO","No pheromone lure"
"Ppo","Pis","Yes",212,2017-07-14,7,4,0.571428571428571,"PPO","No pheromone lure"
"Ppo","Pis","Yes",212,2017-07-18,1,0,0,"PPO","No pheromone lure"
"Ppo","Pis","Yes",212,2017-08-02,1,0,0,"PPO","No pheromone lure"
"Ppo","Pis","Yes",212,2017-08-09,6,2,0.333333333333333,"PPO","No pheromone lure"
"Ppo","Pis","Yes",212,2017-08-15,4,3,0.75,"PPO","No pheromone lure"
"Ppo","Pis","Yes",212,2017-09-05,2,1,0.5,"PPO","No pheromone lure"
"Ppo","Pis","Yes",222,2017-06-23,1,1,1,"PPO","No pheromone lure"
"Ppo","Pis","Yes",222,2017-06-29,6,6,1,"PPO","No pheromone lure"
"Ppo","Pis","Yes",222,2017-07-05,10,7,0.7,"PPO","No pheromone lure"
"Ppo","Pis","Yes",222,2017-07-14,9,8,0.888888888888889,"PPO","No pheromone lure"
"Ppo","Pis","Yes",222,2017-07-18,8,6,0.75,"PPO","No pheromone lure"
"Ppo","Pis","Yes",222,2017-08-02,5,4,0.8,"PPO","No pheromone lure"
"Ppo","Pis","Yes",222,2017-08-09,8,5,0.625,"PPO","No pheromone lure"
"Ppo","Pis","Yes",222,2017-08-15,12,9,0.75,"PPO","No pheromone lure"
"Ppo","Pis","Yes",222,2017-09-05,2,2,1,"PPO","No pheromone lure"
"Ppo","Pis","Yes",232,2017-06-29,2,2,1,"PPO","No pheromone lure"
"Ppo","Pis","Yes",232,2017-07-05,9,6,0.666666666666667,"PPO","No pheromone lure"
"Ppo","Pis","Yes",232,2017-07-14,4,3,0.75,"PPO","No pheromone lure"
"Ppo","Pis","Yes",232,2017-07-18,5,4,0.8,"PPO","No pheromone lure"
"Ppo","Pis","Yes",232,2017-08-02,1,1,1,"PPO","No pheromone lure"
"Ppo","Pis","Yes",232,2017-08-09,6,4,0.666666666666667,"PPO","No pheromone lure"
"Ppo","Pis","Yes",232,2017-08-15,10,7,0.7,"PPO","No pheromone lure"
"Ppo","Pis","Yes",232,2017-09-05,1,0,0,"PPO","No pheromone lure"
"Ppo","Pis","Yes",243,2017-06-23,2,2,1,"PPO","No pheromone lure"
"Ppo","Pis","Yes",243,2017-07-05,3,2,0.666666666666667,"PPO","No pheromone lure"
"Ppo","Pis","Yes",243,2017-07-14,5,1,0.2,"PPO","No pheromone lure"
"Ppo","Pis","Yes",243,2017-07-18,1,0,0,"PPO","No pheromone lure"
"Ppo","Pis","Yes",243,2017-08-09,5,4,0.8,"PPO","No pheromone lure"
"Ppo","Pis","Yes",243,2017-08-15,10,4,0.4,"PPO","No pheromone lure"
"Ppo","Pis","Yes",243,2017-09-05,2,1,0.5,"PPO","No pheromone lure"
"Ppo","Pis","Yes",252,2017-06-23,3,3,1,"PPO","No pheromone lure"
"Ppo","Pis","Yes",252,2017-06-29,4,3,0.75,"PPO","No pheromone lure"
"Ppo","Pis","Yes",252,2017-07-05,3,2,0.666666666666667,"PPO","No pheromone lure"
"Ppo","Pis","Yes",252,2017-07-14,11,7,0.636363636363636,"PPO","No pheromone lure"
"Ppo","Pis","Yes",252,2017-07-18,2,2,1,"PPO","No pheromone lure"
"Ppo","Pis","Yes",252,2017-08-09,5,3,0.6,"PPO","No pheromone lure"
"Ppo","Pis","Yes",252,2017-08-15,14,10,0.714285714285714,"PPO","No pheromone lure"
"Ppo","Pis","Yes",252,2017-09-05,4,2,0.5,"PPO","No pheromone lure"
"Ppo","Pis","Yes",264,2017-06-15,1,1,1,"PPO","No pheromone lure"
"Ppo","Pis","Yes",264,2017-06-29,1,1,1,"PPO","No pheromone lure"
"Ppo","Pis","Yes",264,2017-07-05,6,3,0.5,"PPO","No pheromone lure"
"Ppo","Pis","Yes",264,2017-07-14,8,5,0.625,"PPO","No pheromone lure"
"Ppo","Pis","Yes",264,2017-07-18,2,1,0.5,"PPO","No pheromone lure"
"Ppo","Pis","Yes",264,2017-08-09,3,2,0.666666666666667,"PPO","No pheromone lure"
"Ppo","Pis","Yes",264,2017-08-15,12,8,0.666666666666667,"PPO","No pheromone lure"
"Ppo","Pis","Yes",264,2017-09-05,1,1,1,"PPO","No pheromone lure"
"Ppo","Pis","Yes",272,2017-06-23,1,1,1,"PPO","No pheromone lure"
"Ppo","Pis","Yes",272,2017-06-29,1,1,1,"PPO","No pheromone lure"
"Ppo","Pis","Yes",272,2017-07-05,4,3,0.75,"PPO","No pheromone lure"
"Ppo","Pis","Yes",272,2017-07-14,9,7,0.777777777777778,"PPO","No pheromone lure"
"Ppo","Pis","Yes",272,2017-07-18,2,1,0.5,"PPO","No pheromone lure"
"Ppo","Pis","Yes",272,2017-08-09,1,1,1,"PPO","No pheromone lure"
"Ppo","Pis","Yes",272,2017-08-15,4,2,0.5,"PPO","No pheromone lure"
"Ppo","Pis","Yes",283,2017-06-23,5,3,0.6,"PPO","No pheromone lure"
"Ppo","Pis","Yes",283,2017-07-05,1,1,1,"PPO","No pheromone lure"
"Ppo","Pis","Yes",283,2017-07-14,23,16,0.695652173913043,"PPO","No pheromone lure"
"Ppo","Pis","Yes",283,2017-07-18,2,2,1,"PPO","No pheromone lure"
"Ppo","Pis","Yes",283,2017-08-02,2,1,0.5,"PPO","No pheromone lure"
"Ppo","Pis","Yes",283,2017-08-09,21,12,0.571428571428571,"PPO","No pheromone lure"
"Ppo","Pis","Yes",283,2017-08-15,13,8,0.615384615384615,"PPO","No pheromone lure"
"Ppo","Pis","Yes",283,2017-09-05,4,3,0.75,"PPO","No pheromone lure"
"PpoCombo","Alm","No",311,2017-06-15,10,6,0.6,"PPO","Pheromone lure"
"PpoCombo","Alm","No",311,2017-06-28,93,72,0.774193548387097,"PPO","Pheromone lure"
"PpoCombo","Alm","No",311,2017-07-06,88,69,0.784090909090909,"PPO","Pheromone lure"
"PpoCombo","Alm","No",311,2017-07-11,27,20,0.740740740740741,"PPO","Pheromone lure"
"PpoCombo","Alm","No",311,2017-07-20,12,8,0.666666666666667,"PPO","Pheromone lure"
"PpoCombo","Alm","No",311,2017-08-01,138,109,0.789855072463768,"PPO","Pheromone lure"
"PpoCombo","Alm","No",311,2017-08-08,51,40,0.784313725490196,"PPO","Pheromone lure"
"PpoCombo","Alm","No",311,2017-08-23,56,51,0.910714285714286,"PPO","Pheromone lure"
"PpoCombo","Alm","No",325,2017-06-15,11,8,0.727272727272727,"PPO","Pheromone lure"
"PpoCombo","Alm","No",325,2017-07-06,1,1,1,"PPO","Pheromone lure"
"PpoCombo","Alm","No",325,2017-07-20,20,15,0.75,"PPO","Pheromone lure"
"PpoCombo","Alm","No",325,2017-07-27,20,14,0.7,"PPO","Pheromone lure"
"PpoCombo","Alm","No",325,2017-08-01,52,33,0.634615384615385,"PPO","Pheromone lure"
"PpoCombo","Alm","No",325,2017-08-08,51,40,0.784313725490196,"PPO","Pheromone lure"
"PpoCombo","Alm","No",325,2017-08-23,37,34,0.918918918918919,"PPO","Pheromone lure"
"PpoCombo","Alm","No",334,2017-06-15,9,6,0.666666666666667,"PPO","Pheromone lure"
"PpoCombo","Alm","No",334,2017-06-28,64,51,0.796875,"PPO","Pheromone lure"
"PpoCombo","Alm","No",334,2017-07-06,13,13,1,"PPO","Pheromone lure"
"PpoCombo","Alm","No",334,2017-07-11,24,20,0.833333333333333,"PPO","Pheromone lure"
"PpoCombo","Alm","No",334,2017-07-20,19,15,0.789473684210526,"PPO","Pheromone lure"
"PpoCombo","Alm","No",334,2017-08-01,50,26,0.52,"PPO","Pheromone lure"
"PpoCombo","Alm","No",334,2017-08-08,33,24,0.727272727272727,"PPO","Pheromone lure"
"PpoCombo","Alm","No",334,2017-08-23,32,24,0.75,"PPO","Pheromone lure"
"PpoCombo","Alm","No",344,2017-06-15,8,8,1,"PPO","Pheromone lure"
"PpoCombo","Alm","No",344,2017-06-28,46,31,0.673913043478261,"PPO","Pheromone lure"
"PpoCombo","Alm","No",344,2017-07-06,58,47,0.810344827586207,"PPO","Pheromone lure"
"PpoCombo","Alm","No",344,2017-07-11,24,22,0.916666666666667,"PPO","Pheromone lure"
"PpoCombo","Alm","No",344,2017-07-20,16,14,0.875,"PPO","Pheromone lure"
"PpoCombo","Alm","No",344,2017-08-01,48,44,0.916666666666667,"PPO","Pheromone lure"
"PpoCombo","Alm","No",344,2017-08-08,39,31,0.794871794871795,"PPO","Pheromone lure"
"PpoCombo","Alm","No",344,2017-08-23,28,23,0.821428571428571,"PPO","Pheromone lure"
"PpoCombo","Alm","No",354,2017-06-15,7,7,1,"PPO","Pheromone lure"
"PpoCombo","Alm","No",354,2017-06-22,4,4,1,"PPO","Pheromone lure"
"PpoCombo","Alm","No",354,2017-07-06,105,82,0.780952380952381,"PPO","Pheromone lure"
"PpoCombo","Alm","No",354,2017-07-11,24,19,0.791666666666667,"PPO","Pheromone lure"
"PpoCombo","Alm","No",354,2017-07-20,18,16,0.888888888888889,"PPO","Pheromone lure"
"PpoCombo","Alm","No",354,2017-07-27,14,13,0.928571428571429,"PPO","Pheromone lure"
"PpoCombo","Alm","No",354,2017-08-01,94,68,0.723404255319149,"PPO","Pheromone lure"
"PpoCombo","Alm","No",354,2017-08-08,50,31,0.62,"PPO","Pheromone lure"
"PpoCombo","Alm","No",354,2017-08-23,24,18,0.75,"PPO","Pheromone lure"
"PpoCombo","Alm","No",364,2017-06-15,9,6,0.666666666666667,"PPO","Pheromone lure"
"PpoCombo","Alm","No",364,2017-06-28,103,86,0.83495145631068,"PPO","Pheromone lure"
"PpoCombo","Alm","No",364,2017-07-06,83,62,0.746987951807229,"PPO","Pheromone lure"
"PpoCombo","Alm","No",364,2017-07-11,30,21,0.7,"PPO","Pheromone lure"
"PpoCombo","Alm","No",364,2017-07-20,24,21,0.875,"PPO","Pheromone lure"
"PpoCombo","Alm","No",364,2017-07-27,11,10,0.909090909090909,"PPO","Pheromone lure"
"PpoCombo","Alm","No",364,2017-08-01,54,46,0.851851851851852,"PPO","Pheromone lure"
"PpoCombo","Alm","No",364,2017-08-08,44,34,0.772727272727273,"PPO","Pheromone lure"
"PpoCombo","Alm","No",364,2017-08-23,13,9,0.692307692307692,"PPO","Pheromone lure"
"PpoCombo","Alm","No",372,2017-06-15,4,4,1,"PPO","Pheromone lure"
"PpoCombo","Alm","No",372,2017-06-22,45,38,0.844444444444444,"PPO","Pheromone lure"
"PpoCombo","Alm","No",372,2017-06-28,25,23,0.92,"PPO","Pheromone lure"
"PpoCombo","Alm","No",372,2017-07-06,64,55,0.859375,"PPO","Pheromone lure"
"PpoCombo","Alm","No",372,2017-07-11,15,11,0.733333333333333,"PPO","Pheromone lure"
"PpoCombo","Alm","No",372,2017-07-20,12,1,0.0833333333333333,"PPO","Pheromone lure"
"PpoCombo","Alm","No",372,2017-08-01,35,31,0.885714285714286,"PPO","Pheromone lure"
"PpoCombo","Alm","No",372,2017-08-08,32,23,0.71875,"PPO","Pheromone lure"
"PpoCombo","Alm","No",372,2017-08-23,62,41,0.661290322580645,"PPO","Pheromone lure"
"PpoCombo","Alm","No",383,2017-06-15,5,5,1,"PPO","Pheromone lure"
"PpoCombo","Alm","No",383,2017-06-22,29,25,0.862068965517241,"PPO","Pheromone lure"
"PpoCombo","Alm","No",383,2017-06-28,47,33,0.702127659574468,"PPO","Pheromone lure"
"PpoCombo","Alm","No",383,2017-07-06,43,34,0.790697674418605,"PPO","Pheromone lure"
"PpoCombo","Alm","No",383,2017-07-11,17,14,0.823529411764706,"PPO","Pheromone lure"
"PpoCombo","Alm","No",383,2017-07-20,5,5,1,"PPO","Pheromone lure"
"PpoCombo","Alm","No",383,2017-08-01,61,48,0.786885245901639,"PPO","Pheromone lure"
"PpoCombo","Alm","No",383,2017-08-08,19,18,0.947368421052632,"PPO","Pheromone lure"
"PpoCombo","Alm","No",383,2017-08-23,38,30,0.789473684210526,"PPO","Pheromone lure"
"PpoCombo","Alm","Yes",111,2017-06-15,13,8,0.615384615384615,"PPO","Pheromone lure"
"PpoCombo","Alm","Yes",111,2017-06-23,10,10,1,"PPO","Pheromone lure"
"PpoCombo","Alm","Yes",111,2017-07-05,23,18,0.782608695652174,"PPO","Pheromone lure"
"PpoCombo","Alm","Yes",111,2017-07-14,9,5,0.555555555555556,"PPO","Pheromone lure"
"PpoCombo","Alm","Yes",111,2017-07-18,11,9,0.818181818181818,"PPO","Pheromone lure"
"PpoCombo","Alm","Yes",111,2017-08-09,15,13,0.866666666666667,"PPO","Pheromone lure"
"PpoCombo","Alm","Yes",111,2017-08-15,44,31,0.704545454545455,"PPO","Pheromone lure"
"PpoCombo","Alm","Yes",111,2017-09-07,17,12,0.705882352941177,"PPO","Pheromone lure"
"PpoCombo","Alm","Yes",124,2017-06-15,9,7,0.777777777777778,"PPO","Pheromone lure"
"PpoCombo","Alm","Yes",124,2017-06-29,28,19,0.678571428571429,"PPO","Pheromone lure"
"PpoCombo","Alm","Yes",124,2017-07-05,18,14,0.777777777777778,"PPO","Pheromone lure"
"PpoCombo","Alm","Yes",124,2017-07-14,6,3,0.5,"PPO","Pheromone lure"
"PpoCombo","Alm","Yes",124,2017-07-18,8,4,0.5,"PPO","Pheromone lure"
"PpoCombo","Alm","Yes",124,2017-07-26,1,1,1,"PPO","Pheromone lure"
"PpoCombo","Alm","Yes",124,2017-08-02,3,1,0.333333333333333,"PPO","Pheromone lure"
"PpoCombo","Alm","Yes",124,2017-08-09,13,8,0.615384615384615,"PPO","Pheromone lure"
"PpoCombo","Alm","Yes",124,2017-08-15,30,19,0.633333333333333,"PPO","Pheromone lure"
"PpoCombo","Alm","Yes",124,2017-09-07,7,4,0.571428571428571,"PPO","Pheromone lure"
"PpoCombo","Alm","Yes",133,2017-06-15,5,5,1,"PPO","Pheromone lure"
"PpoCombo","Alm","Yes",133,2017-06-23,11,7,0.636363636363636,"PPO","Pheromone lure"
"PpoCombo","Alm","Yes",133,2017-06-29,30,23,0.766666666666667,"PPO","Pheromone lure"
"PpoCombo","Alm","Yes",133,2017-07-14,5,2,0.4,"PPO","Pheromone lure"
"PpoCombo","Alm","Yes",133,2017-07-18,7,5,0.714285714285714,"PPO","Pheromone lure"
"PpoCombo","Alm","Yes",133,2017-08-09,17,12,0.705882352941177,"PPO","Pheromone lure"
"PpoCombo","Alm","Yes",133,2017-08-15,32,24,0.75,"PPO","Pheromone lure"
"PpoCombo","Alm","Yes",133,2017-09-07,8,7,0.875,"PPO","Pheromone lure"
"PpoCombo","Alm","Yes",142,2017-06-15,1,1,1,"PPO","Pheromone lure"
"PpoCombo","Alm","Yes",142,2017-06-23,6,5,0.833333333333333,"PPO","Pheromone lure"
"PpoCombo","Alm","Yes",142,2017-07-05,19,17,0.894736842105263,"PPO","Pheromone lure"
"PpoCombo","Alm","Yes",142,2017-07-14,10,6,0.6,"PPO","Pheromone lure"
"PpoCombo","Alm","Yes",142,2017-07-18,4,2,0.5,"PPO","Pheromone lure"
"PpoCombo","Alm","Yes",142,2017-08-02,3,1,0.333333333333333,"PPO","Pheromone lure"
"PpoCombo","Alm","Yes",142,2017-08-09,20,14,0.7,"PPO","Pheromone lure"
"PpoCombo","Alm","Yes",142,2017-08-15,38,26,0.684210526315789,"PPO","Pheromone lure"
"PpoCombo","Alm","Yes",142,2017-09-07,7,5,0.714285714285714,"PPO","Pheromone lure"
"PpoCombo","Alm","Yes",152,2017-06-15,1,1,1,"PPO","Pheromone lure"
"PpoCombo","Alm","Yes",152,2017-06-23,12,7,0.583333333333333,"PPO","Pheromone lure"
"PpoCombo","Alm","Yes",152,2017-06-29,14,9,0.642857142857143,"PPO","Pheromone lure"
"PpoCombo","Alm","Yes",152,2017-07-05,11,10,0.909090909090909,"PPO","Pheromone lure"
"PpoCombo","Alm","Yes",152,2017-07-14,3,1,0.333333333333333,"PPO","Pheromone lure"
"PpoCombo","Alm","Yes",152,2017-07-18,5,3,0.6,"PPO","Pheromone lure"
"PpoCombo","Alm","Yes",152,2017-08-02,1,1,1,"PPO","Pheromone lure"
"PpoCombo","Alm","Yes",152,2017-08-09,17,14,0.823529411764706,"PPO","Pheromone lure"
"PpoCombo","Alm","Yes",152,2017-08-15,17,12,0.705882352941177,"PPO","Pheromone lure"
"PpoCombo","Alm","Yes",152,2017-09-07,7,5,0.714285714285714,"PPO","Pheromone lure"
"PpoCombo","Alm","Yes",164,2017-06-15,9,7,0.777777777777778,"PPO","Pheromone lure"
"PpoCombo","Alm","Yes",164,2017-06-23,20,14,0.7,"PPO","Pheromone lure"
"PpoCombo","Alm","Yes",164,2017-06-29,30,26,0.866666666666667,"PPO","Pheromone lure"
"PpoCombo","Alm","Yes",164,2017-07-05,19,16,0.842105263157895,"PPO","Pheromone lure"
"PpoCombo","Alm","Yes",164,2017-07-14,10,6,0.6,"PPO","Pheromone lure"
"PpoCombo","Alm","Yes",164,2017-07-18,10,9,0.9,"PPO","Pheromone lure"
"PpoCombo","Alm","Yes",164,2017-08-02,3,3,1,"PPO","Pheromone lure"
"PpoCombo","Alm","Yes",164,2017-08-15,48,33,0.6875,"PPO","Pheromone lure"
"PpoCombo","Alm","Yes",164,2017-09-07,10,7,0.7,"PPO","Pheromone lure"
"PpoCombo","Alm","Yes",173,2017-06-15,5,4,0.8,"PPO","Pheromone lure"
"PpoCombo","Alm","Yes",173,2017-06-23,16,13,0.8125,"PPO","Pheromone lure"
"PpoCombo","Alm","Yes",173,2017-06-29,21,11,0.523809523809524,"PPO","Pheromone lure"
"PpoCombo","Alm","Yes",173,2017-07-14,5,4,0.8,"PPO","Pheromone lure"
"PpoCombo","Alm","Yes",173,2017-07-18,13,8,0.615384615384615,"PPO","Pheromone lure"
"PpoCombo","Alm","Yes",173,2017-08-09,6,4,0.666666666666667,"PPO","Pheromone lure"
"PpoCombo","Alm","Yes",173,2017-08-15,16,14,0.875,"PPO","Pheromone lure"
"PpoCombo","Alm","Yes",173,2017-09-07,6,5,0.833333333333333,"PPO","Pheromone lure"
"PpoCombo","Alm","Yes",183,2017-06-15,9,5,0.555555555555556,"PPO","Pheromone lure"
"PpoCombo","Alm","Yes",183,2017-06-23,11,7,0.636363636363636,"PPO","Pheromone lure"
"PpoCombo","Alm","Yes",183,2017-06-29,27,16,0.592592592592593,"PPO","Pheromone lure"
"PpoCombo","Alm","Yes",183,2017-07-05,12,9,0.75,"PPO","Pheromone lure"
"PpoCombo","Alm","Yes",183,2017-07-14,9,4,0.444444444444444,"PPO","Pheromone lure"
"PpoCombo","Alm","Yes",183,2017-07-18,8,5,0.625,"PPO","Pheromone lure"
"PpoCombo","Alm","Yes",183,2017-08-02,3,2,0.666666666666667,"PPO","Pheromone lure"
"PpoCombo","Alm","Yes",183,2017-08-09,11,7,0.636363636363636,"PPO","Pheromone lure"
"PpoCombo","Alm","Yes",183,2017-08-15,42,33,0.785714285714286,"PPO","Pheromone lure"
"PpoCombo","Alm","Yes",183,2017-09-07,13,10,0.769230769230769,"PPO","Pheromone lure"
"PpoCombo","Pis","No",411,2017-06-15,6,0,0,"PPO","Pheromone lure"
"PpoCombo","Pis","No",411,2017-06-22,6,5,0.833333333333333,"PPO","Pheromone lure"
"PpoCombo","Pis","No",411,2017-06-28,11,11,1,"PPO","Pheromone lure"
"PpoCombo","Pis","No",411,2017-07-12,19,13,0.684210526315789,"PPO","Pheromone lure"
"PpoCombo","Pis","No",411,2017-07-20,15,11,0.733333333333333,"PPO","Pheromone lure"
"PpoCombo","Pis","No",411,2017-07-27,3,3,1,"PPO","Pheromone lure"
"PpoCombo","Pis","No",411,2017-08-01,11,8,0.727272727272727,"PPO","Pheromone lure"
"PpoCombo","Pis","No",411,2017-08-17,28,19,0.678571428571429,"PPO","Pheromone lure"
"PpoCombo","Pis","No",411,2017-08-24,28,19,0.678571428571429,"PPO","Pheromone lure"
"PpoCombo","Pis","No",424,2017-06-15,8,8,1,"PPO","Pheromone lure"
"PpoCombo","Pis","No",424,2017-06-22,7,5,0.714285714285714,"PPO","Pheromone lure"
"PpoCombo","Pis","No",424,2017-07-06,5,4,0.8,"PPO","Pheromone lure"
"PpoCombo","Pis","No",424,2017-07-12,8,8,1,"PPO","Pheromone lure"
"PpoCombo","Pis","No",424,2017-07-20,1,1,1,"PPO","Pheromone lure"
"PpoCombo","Pis","No",424,2017-07-27,1,1,1,"PPO","Pheromone lure"
"PpoCombo","Pis","No",424,2017-08-01,6,4,0.666666666666667,"PPO","Pheromone lure"
"PpoCombo","Pis","No",424,2017-08-17,16,14,0.875,"PPO","Pheromone lure"
"PpoCombo","Pis","No",424,2017-08-24,29,22,0.758620689655172,"PPO","Pheromone lure"
"PpoCombo","Pis","No",433,2017-06-15,10,7,0.7,"PPO","Pheromone lure"
"PpoCombo","Pis","No",433,2017-06-22,16,13,0.8125,"PPO","Pheromone lure"
"PpoCombo","Pis","No",433,2017-06-28,14,12,0.857142857142857,"PPO","Pheromone lure"
"PpoCombo","Pis","No",433,2017-07-06,14,12,0.857142857142857,"PPO","Pheromone lure"
"PpoCombo","Pis","No",433,2017-07-12,18,13,0.722222222222222,"PPO","Pheromone lure"
"PpoCombo","Pis","No",433,2017-07-20,10,6,0.6,"PPO","Pheromone lure"
"PpoCombo","Pis","No",433,2017-08-01,4,3,0.75,"PPO","Pheromone lure"
"PpoCombo","Pis","No",433,2017-08-17,13,10,0.769230769230769,"PPO","Pheromone lure"
"PpoCombo","Pis","No",433,2017-08-24,23,12,0.521739130434783,"PPO","Pheromone lure"
"PpoCombo","Pis","No",442,2017-06-15,9,7,0.777777777777778,"PPO","Pheromone lure"
"PpoCombo","Pis","No",442,2017-06-22,22,17,0.772727272727273,"PPO","Pheromone lure"
"PpoCombo","Pis","No",442,2017-06-28,22,18,0.818181818181818,"PPO","Pheromone lure"
"PpoCombo","Pis","No",442,2017-07-06,17,14,0.823529411764706,"PPO","Pheromone lure"
"PpoCombo","Pis","No",442,2017-07-12,25,18,0.72,"PPO","Pheromone lure"
"PpoCombo","Pis","No",442,2017-07-20,15,12,0.8,"PPO","Pheromone lure"
"PpoCombo","Pis","No",442,2017-08-01,18,11,0.611111111111111,"PPO","Pheromone lure"
"PpoCombo","Pis","No",442,2017-08-17,9,7,0.777777777777778,"PPO","Pheromone lure"
"PpoCombo","Pis","No",442,2017-08-24,24,17,0.708333333333333,"PPO","Pheromone lure"
"PpoCombo","Pis","No",454,2017-06-15,7,7,1,"PPO","Pheromone lure"
"PpoCombo","Pis","No",454,2017-06-22,11,9,0.818181818181818,"PPO","Pheromone lure"
"PpoCombo","Pis","No",454,2017-06-28,11,9,0.818181818181818,"PPO","Pheromone lure"
"PpoCombo","Pis","No",454,2017-07-06,24,18,0.75,"PPO","Pheromone lure"
"PpoCombo","Pis","No",454,2017-07-12,16,13,0.8125,"PPO","Pheromone lure"
"PpoCombo","Pis","No",454,2017-07-20,21,16,0.761904761904762,"PPO","Pheromone lure"
"PpoCombo","Pis","No",454,2017-07-27,3,2,0.666666666666667,"PPO","Pheromone lure"
"PpoCombo","Pis","No",454,2017-08-01,12,8,0.666666666666667,"PPO","Pheromone lure"
"PpoCombo","Pis","No",454,2017-08-17,28,22,0.785714285714286,"PPO","Pheromone lure"
"PpoCombo","Pis","No",454,2017-08-24,32,21,0.65625,"PPO","Pheromone lure"
"PpoCombo","Pis","No",463,2017-06-15,7,6,0.857142857142857,"PPO","Pheromone lure"
"PpoCombo","Pis","No",463,2017-06-22,14,12,0.857142857142857,"PPO","Pheromone lure"
"PpoCombo","Pis","No",463,2017-06-28,10,7,0.7,"PPO","Pheromone lure"
"PpoCombo","Pis","No",463,2017-07-06,8,5,0.625,"PPO","Pheromone lure"
"PpoCombo","Pis","No",463,2017-07-12,17,13,0.764705882352941,"PPO","Pheromone lure"
"PpoCombo","Pis","No",463,2017-07-20,15,11,0.733333333333333,"PPO","Pheromone lure"
"PpoCombo","Pis","No",463,2017-07-27,1,1,1,"PPO","Pheromone lure"
"PpoCombo","Pis","No",463,2017-08-01,5,3,0.6,"PPO","Pheromone lure"
"PpoCombo","Pis","No",463,2017-08-17,18,16,0.888888888888889,"PPO","Pheromone lure"
"PpoCombo","Pis","No",463,2017-08-24,28,17,0.607142857142857,"PPO","Pheromone lure"
"PpoCombo","Pis","No",472,2017-06-15,6,5,0.833333333333333,"PPO","Pheromone lure"
"PpoCombo","Pis","No",472,2017-06-22,12,9,0.75,"PPO","Pheromone lure"
"PpoCombo","Pis","No",472,2017-06-28,2,2,1,"PPO","Pheromone lure"
"PpoCombo","Pis","No",472,2017-07-06,3,3,1,"PPO","Pheromone lure"
"PpoCombo","Pis","No",472,2017-07-12,1,1,1,"PPO","Pheromone lure"
"PpoCombo","Pis","No",472,2017-07-20,22,15,0.681818181818182,"PPO","Pheromone lure"
"PpoCombo","Pis","No",472,2017-07-27,22,17,0.772727272727273,"PPO","Pheromone lure"
"PpoCombo","Pis","No",472,2017-08-01,4,3,0.75,"PPO","Pheromone lure"
"PpoCombo","Pis","No",472,2017-08-17,23,12,0.521739130434783,"PPO","Pheromone lure"
"PpoCombo","Pis","No",472,2017-08-24,16,13,0.8125,"PPO","Pheromone lure"
"PpoCombo","Pis","No",483,2017-06-15,14,10,0.714285714285714,"PPO","Pheromone lure"
"PpoCombo","Pis","No",483,2017-06-22,29,23,0.793103448275862,"PPO","Pheromone lure"
"PpoCombo","Pis","No",483,2017-06-28,32,25,0.78125,"PPO","Pheromone lure"
"PpoCombo","Pis","No",483,2017-07-06,29,23,0.793103448275862,"PPO","Pheromone lure"
"PpoCombo","Pis","No",483,2017-07-12,17,13,0.764705882352941,"PPO","Pheromone lure"
"PpoCombo","Pis","No",483,2017-07-20,13,10,0.769230769230769,"PPO","Pheromone lure"
"PpoCombo","Pis","No",483,2017-07-27,13,9,0.692307692307692,"PPO","Pheromone lure"
"PpoCombo","Pis","No",483,2017-08-01,17,13,0.764705882352941,"PPO","Pheromone lure"
"PpoCombo","Pis","No",483,2017-08-17,31,24,0.774193548387097,"PPO","Pheromone lure"
"PpoCombo","Pis","No",483,2017-08-24,27,16,0.592592592592593,"PPO","Pheromone lure"
"PpoCombo","Pis","Yes",213,2017-06-23,6,5,0.833333333333333,"PPO","Pheromone lure"
"PpoCombo","Pis","Yes",213,2017-06-29,5,3,0.6,"PPO","Pheromone lure"
"PpoCombo","Pis","Yes",213,2017-07-05,20,13,0.65,"PPO","Pheromone lure"
"PpoCombo","Pis","Yes",213,2017-07-14,12,10,0.833333333333333,"PPO","Pheromone lure"
"PpoCombo","Pis","Yes",213,2017-07-18,2,1,0.5,"PPO","Pheromone lure"
"PpoCombo","Pis","Yes",213,2017-08-02,2,1,0.5,"PPO","Pheromone lure"
"PpoCombo","Pis","Yes",213,2017-08-09,30,18,0.6,"PPO","Pheromone lure"
"PpoCombo","Pis","Yes",213,2017-08-15,47,29,0.617021276595745,"PPO","Pheromone lure"
"PpoCombo","Pis","Yes",213,2017-09-05,6,5,0.833333333333333,"PPO","Pheromone lure"
"PpoCombo","Pis","Yes",225,2017-07-05,10,4,0.4,"PPO","Pheromone lure"
"PpoCombo","Pis","Yes",225,2017-07-14,29,23,0.793103448275862,"PPO","Pheromone lure"
"PpoCombo","Pis","Yes",225,2017-07-18,17,11,0.647058823529412,"PPO","Pheromone lure"
"PpoCombo","Pis","Yes",225,2017-08-02,6,4,0.666666666666667,"PPO","Pheromone lure"
"PpoCombo","Pis","Yes",225,2017-08-09,28,17,0.607142857142857,"PPO","Pheromone lure"
"PpoCombo","Pis","Yes",225,2017-08-15,50,31,0.62,"PPO","Pheromone lure"
"PpoCombo","Pis","Yes",225,2017-09-05,11,7,0.636363636363636,"PPO","Pheromone lure"
"PpoCombo","Pis","Yes",231,2017-06-15,1,1,1,"PPO","Pheromone lure"
"PpoCombo","Pis","Yes",231,2017-06-23,2,1,0.5,"PPO","Pheromone lure"
"PpoCombo","Pis","Yes",231,2017-06-29,1,1,1,"PPO","Pheromone lure"
"PpoCombo","Pis","Yes",231,2017-07-05,10,4,0.4,"PPO","Pheromone lure"
"PpoCombo","Pis","Yes",231,2017-07-14,11,5,0.454545454545455,"PPO","Pheromone lure"
"PpoCombo","Pis","Yes",231,2017-07-18,2,2,1,"PPO","Pheromone lure"
"PpoCombo","Pis","Yes",231,2017-08-02,6,5,0.833333333333333,"PPO","Pheromone lure"
"PpoCombo","Pis","Yes",231,2017-08-09,31,21,0.67741935483871,"PPO","Pheromone lure"
"PpoCombo","Pis","Yes",231,2017-08-15,22,13,0.590909090909091,"PPO","Pheromone lure"
"PpoCombo","Pis","Yes",231,2017-09-05,4,3,0.75,"PPO","Pheromone lure"
"PpoCombo","Pis","Yes",241,2017-06-23,3,2,0.666666666666667,"PPO","Pheromone lure"
"PpoCombo","Pis","Yes",241,2017-06-29,4,1,0.25,"PPO","Pheromone lure"
"PpoCombo","Pis","Yes",241,2017-07-05,6,3,0.5,"PPO","Pheromone lure"
"PpoCombo","Pis","Yes",241,2017-07-14,10,6,0.6,"PPO","Pheromone lure"
"PpoCombo","Pis","Yes",241,2017-07-18,6,5,0.833333333333333,"PPO","Pheromone lure"
"PpoCombo","Pis","Yes",241,2017-08-02,7,5,0.714285714285714,"PPO","Pheromone lure"
"PpoCombo","Pis","Yes",241,2017-08-09,15,13,0.866666666666667,"PPO","Pheromone lure"
"PpoCombo","Pis","Yes",241,2017-08-15,23,19,0.826086956521739,"PPO","Pheromone lure"
"PpoCombo","Pis","Yes",241,2017-09-05,4,2,0.5,"PPO","Pheromone lure"
"PpoCombo","Pis","Yes",254,2017-06-15,2,1,0.5,"PPO","Pheromone lure"
"PpoCombo","Pis","Yes",254,2017-06-23,2,1,0.5,"PPO","Pheromone lure"
"PpoCombo","Pis","Yes",254,2017-06-29,9,6,0.666666666666667,"PPO","Pheromone lure"
"PpoCombo","Pis","Yes",254,2017-07-05,13,10,0.769230769230769,"PPO","Pheromone lure"
"PpoCombo","Pis","Yes",254,2017-07-14,15,10,0.666666666666667,"PPO","Pheromone lure"
"PpoCombo","Pis","Yes",254,2017-07-18,4,2,0.5,"PPO","Pheromone lure"
"PpoCombo","Pis","Yes",254,2017-08-02,3,2,0.666666666666667,"PPO","Pheromone lure"
"PpoCombo","Pis","Yes",254,2017-08-09,26,19,0.730769230769231,"PPO","Pheromone lure"
"PpoCombo","Pis","Yes",254,2017-08-15,22,13,0.590909090909091,"PPO","Pheromone lure"
"PpoCombo","Pis","Yes",254,2017-09-05,7,5,0.714285714285714,"PPO","Pheromone lure"
"PpoCombo","Pis","Yes",263,2017-06-15,1,1,1,"PPO","Pheromone lure"
"PpoCombo","Pis","Yes",263,2017-06-23,2,1,0.5,"PPO","Pheromone lure"
"PpoCombo","Pis","Yes",263,2017-06-29,1,1,1,"PPO","Pheromone lure"
"PpoCombo","Pis","Yes",263,2017-07-05,9,6,0.666666666666667,"PPO","Pheromone lure"
"PpoCombo","Pis","Yes",263,2017-07-14,29,19,0.655172413793103,"PPO","Pheromone lure"
"PpoCombo","Pis","Yes",263,2017-07-18,5,3,0.6,"PPO","Pheromone lure"
"PpoCombo","Pis","Yes",263,2017-08-02,1,1,1,"PPO","Pheromone lure"
"PpoCombo","Pis","Yes",263,2017-08-09,34,26,0.764705882352941,"PPO","Pheromone lure"
"PpoCombo","Pis","Yes",263,2017-08-15,36,27,0.75,"PPO","Pheromone lure"
"PpoCombo","Pis","Yes",263,2017-09-05,6,4,0.666666666666667,"PPO","Pheromone lure"
"PpoCombo","Pis","Yes",271,2017-06-29,2,2,1,"PPO","Pheromone lure"
"PpoCombo","Pis","Yes",271,2017-07-05,8,5,0.625,"PPO","Pheromone lure"
"PpoCombo","Pis","Yes",271,2017-07-14,19,13,0.684210526315789,"PPO","Pheromone lure"
"PpoCombo","Pis","Yes",271,2017-07-18,5,4,0.8,"PPO","Pheromone lure"
"PpoCombo","Pis","Yes",271,2017-08-02,1,1,1,"PPO","Pheromone lure"
"PpoCombo","Pis","Yes",271,2017-08-09,18,11,0.611111111111111,"PPO","Pheromone lure"
"PpoCombo","Pis","Yes",271,2017-08-15,25,17,0.68,"PPO","Pheromone lure"
"PpoCombo","Pis","Yes",271,2017-09-05,4,2,0.5,"PPO","Pheromone lure"
"PpoCombo","Pis","Yes",284,2017-06-23,1,0,0,"PPO","Pheromone lure"
"PpoCombo","Pis","Yes",284,2017-06-29,2,1,0.5,"PPO","Pheromone lure"
"PpoCombo","Pis","Yes",284,2017-07-05,8,8,1,"PPO","Pheromone lure"
"PpoCombo","Pis","Yes",284,2017-07-14,26,20,0.769230769230769,"PPO","Pheromone lure"
"PpoCombo","Pis","Yes",284,2017-07-18,3,2,0.666666666666667,"PPO","Pheromone lure"
"PpoCombo","Pis","Yes",284,2017-08-02,3,0,0,"PPO","Pheromone lure"
"PpoCombo","Pis","Yes",284,2017-08-09,27,19,0.703703703703704,"PPO","Pheromone lure"
"PpoCombo","Pis","Yes",284,2017-08-15,10,7,0.7,"PPO","Pheromone lure"
"PpoCombo","Pis","Yes",284,2017-09-05,1,1,1,"PPO","Pheromone lure"
"StopNow","Alm","No",312,2017-06-28,5,3,0.6,"Kairomone","No pheromone lure"
"StopNow","Alm","No",312,2017-08-08,7,7,1,"Kairomone","No pheromone lure"
"StopNow","Alm","No",312,2017-08-23,8,7,0.875,"Kairomone","No pheromone lure"
"StopNow","Alm","No",323,2017-06-28,1,1,1,"Kairomone","No pheromone lure"
"StopNow","Alm","No",323,2017-08-08,1,1,1,"Kairomone","No pheromone lure"
"StopNow","Alm","No",323,2017-08-23,5,4,0.8,"Kairomone","No pheromone lure"
"StopNow","Alm","No",335,2017-06-22,3,3,1,"Kairomone","No pheromone lure"
"StopNow","Alm","No",335,2017-06-28,1,1,1,"Kairomone","No pheromone lure"
"StopNow","Alm","No",335,2017-07-06,2,2,1,"Kairomone","No pheromone lure"
"StopNow","Alm","No",335,2017-07-11,1,1,1,"Kairomone","No pheromone lure"
"StopNow","Alm","No",335,2017-07-20,2,2,1,"Kairomone","No pheromone lure"
"StopNow","Alm","No",335,2017-08-08,8,6,0.75,"Kairomone","No pheromone lure"
"StopNow","Alm","No",335,2017-08-23,7,5,0.714285714285714,"Kairomone","No pheromone lure"
"StopNow","Alm","No",342,2017-06-22,7,6,0.857142857142857,"Kairomone","No pheromone lure"
"StopNow","Alm","No",342,2017-06-28,1,1,1,"Kairomone","No pheromone lure"
"StopNow","Alm","No",342,2017-07-11,3,3,1,"Kairomone","No pheromone lure"
"StopNow","Alm","No",342,2017-07-20,2,2,1,"Kairomone","No pheromone lure"
"StopNow","Alm","No",342,2017-08-08,9,8,0.888888888888889,"Kairomone","No pheromone lure"
"StopNow","Alm","No",342,2017-08-23,8,7,0.875,"Kairomone","No pheromone lure"
"StopNow","Alm","No",353,2017-06-22,7,5,0.714285714285714,"Kairomone","No pheromone lure"
"StopNow","Alm","No",353,2017-06-28,3,2,0.666666666666667,"Kairomone","No pheromone lure"
"StopNow","Alm","No",353,2017-07-20,2,1,0.5,"Kairomone","No pheromone lure"
"StopNow","Alm","No",353,2017-07-27,2,2,1,"Kairomone","No pheromone lure"
"StopNow","Alm","No",353,2017-08-08,19,8,0.421052631578947,"Kairomone","No pheromone lure"
"StopNow","Alm","No",353,2017-08-23,3,3,1,"Kairomone","No pheromone lure"
"StopNow","Alm","No",365,2017-06-15,2,0,0,"Kairomone","No pheromone lure"
"StopNow","Alm","No",365,2017-06-22,5,4,0.8,"Kairomone","No pheromone lure"
"StopNow","Alm","No",365,2017-06-28,2,1,0.5,"Kairomone","No pheromone lure"
"StopNow","Alm","No",365,2017-07-06,7,5,0.714285714285714,"Kairomone","No pheromone lure"
"StopNow","Alm","No",365,2017-07-20,2,1,0.5,"Kairomone","No pheromone lure"
"StopNow","Alm","No",365,2017-08-08,8,6,0.75,"Kairomone","No pheromone lure"
"StopNow","Alm","No",365,2017-08-23,12,11,0.916666666666667,"Kairomone","No pheromone lure"
"StopNow","Alm","No",373,2017-07-20,3,2,0.666666666666667,"Kairomone","No pheromone lure"
"StopNow","Alm","No",373,2017-08-08,5,4,0.8,"Kairomone","No pheromone lure"
"StopNow","Alm","No",373,2017-08-23,3,2,0.666666666666667,"Kairomone","No pheromone lure"
"StopNow","Alm","No",385,2017-06-22,2,2,1,"Kairomone","No pheromone lure"
"StopNow","Alm","No",385,2017-07-06,8,6,0.75,"Kairomone","No pheromone lure"
"StopNow","Alm","No",385,2017-07-20,1,1,1,"Kairomone","No pheromone lure"
"StopNow","Alm","No",385,2017-08-08,11,7,0.636363636363636,"Kairomone","No pheromone lure"
"StopNow","Alm","No",385,2017-08-23,7,6,0.857142857142857,"Kairomone","No pheromone lure"
"StopNow","Alm","Yes",112,2017-06-29,6,4,0.666666666666667,"Kairomone","No pheromone lure"
"StopNow","Alm","Yes",112,2017-08-09,2,1,0.5,"Kairomone","No pheromone lure"
"StopNow","Alm","Yes",123,2017-06-29,8,5,0.625,"Kairomone","No pheromone lure"
"StopNow","Alm","Yes",123,2017-08-02,1,1,1,"Kairomone","No pheromone lure"
"StopNow","Alm","Yes",123,2017-09-07,1,1,1,"Kairomone","No pheromone lure"
"StopNow","Alm","Yes",132,2017-07-05,5,4,0.8,"Kairomone","No pheromone lure"
"StopNow","Alm","Yes",132,2017-08-15,2,1,0.5,"Kairomone","No pheromone lure"
"StopNow","Alm","Yes",141,2017-06-29,3,3,1,"Kairomone","No pheromone lure"
"StopNow","Alm","Yes",141,2017-07-26,1,1,1,"Kairomone","No pheromone lure"
"StopNow","Alm","Yes",141,2017-08-15,3,2,0.666666666666667,"Kairomone","No pheromone lure"
"StopNow","Alm","Yes",154,2017-06-29,3,3,1,"Kairomone","No pheromone lure"
"StopNow","Alm","Yes",154,2017-07-26,2,1,0.5,"Kairomone","No pheromone lure"
"StopNow","Alm","Yes",154,2017-08-09,21,12,0.571428571428571,"Kairomone","No pheromone lure"
"StopNow","Alm","Yes",165,2017-06-23,2,2,1,"Kairomone","No pheromone lure"
"StopNow","Alm","Yes",165,2017-06-29,4,3,0.75,"Kairomone","No pheromone lure"
"StopNow","Alm","Yes",165,2017-07-05,4,2,0.5,"Kairomone","No pheromone lure"
"StopNow","Alm","Yes",165,2017-08-09,2,2,1,"Kairomone","No pheromone lure"
"StopNow","Alm","Yes",165,2017-08-15,2,1,0.5,"Kairomone","No pheromone lure"
"StopNow","Alm","Yes",165,2017-09-07,2,1,0.5,"Kairomone","No pheromone lure"
"StopNow","Alm","Yes",171,2017-06-15,1,1,1,"Kairomone","No pheromone lure"
"StopNow","Alm","Yes",171,2017-07-05,1,1,1,"Kairomone","No pheromone lure"
"StopNow","Alm","Yes",171,2017-07-26,1,0,0,"Kairomone","No pheromone lure"
"StopNow","Alm","Yes",171,2017-09-07,1,1,1,"Kairomone","No pheromone lure"
"StopNow","Alm","Yes",185,2017-06-23,2,2,1,"Kairomone","No pheromone lure"
"StopNow","Alm","Yes",185,2017-07-05,3,2,0.666666666666667,"Kairomone","No pheromone lure"
"StopNow","Alm","Yes",185,2017-07-14,1,0,0,"Kairomone","No pheromone lure"
"StopNow","Alm","Yes",185,2017-08-09,4,3,0.75,"Kairomone","No pheromone lure"
"StopNow","Alm","Yes",185,2017-08-15,1,1,1,"Kairomone","No pheromone lure"
"StopNow","Pis","No",415,2017-06-15,1,1,1,"Kairomone","No pheromone lure"
"StopNow","Pis","No",415,2017-06-22,2,2,1,"Kairomone","No pheromone lure"
"StopNow","Pis","No",415,2017-06-28,1,1,1,"Kairomone","No pheromone lure"
"StopNow","Pis","No",415,2017-07-27,5,2,0.4,"Kairomone","No pheromone lure"
"StopNow","Pis","No",415,2017-08-01,1,1,1,"Kairomone","No pheromone lure"
"StopNow","Pis","No",415,2017-08-17,6,4,0.666666666666667,"Kairomone","No pheromone lure"
"StopNow","Pis","No",415,2017-08-24,5,4,0.8,"Kairomone","No pheromone lure"
"StopNow","Pis","No",421,2017-06-15,1,0,0,"Kairomone","No pheromone lure"
"StopNow","Pis","No",421,2017-06-22,5,3,0.6,"Kairomone","No pheromone lure"
"StopNow","Pis","No",421,2017-06-28,3,2,0.666666666666667,"Kairomone","No pheromone lure"
"StopNow","Pis","No",421,2017-07-06,4,2,0.5,"Kairomone","No pheromone lure"
"StopNow","Pis","No",421,2017-07-12,3,2,0.666666666666667,"Kairomone","No pheromone lure"
"StopNow","Pis","No",421,2017-07-20,6,4,0.666666666666667,"Kairomone","No pheromone lure"
"StopNow","Pis","No",421,2017-07-27,6,4,0.666666666666667,"Kairomone","No pheromone lure"
"StopNow","Pis","No",421,2017-08-01,1,0,0,"Kairomone","No pheromone lure"
"StopNow","Pis","No",421,2017-08-17,7,6,0.857142857142857,"Kairomone","No pheromone lure"
"StopNow","Pis","No",421,2017-08-24,6,4,0.666666666666667,"Kairomone","No pheromone lure"
"StopNow","Pis","No",434,2017-06-22,7,3,0.428571428571429,"Kairomone","No pheromone lure"
"StopNow","Pis","No",434,2017-06-28,3,3,1,"Kairomone","No pheromone lure"
"StopNow","Pis","No",434,2017-07-06,5,2,0.4,"Kairomone","No pheromone lure"
"StopNow","Pis","No",434,2017-07-12,3,3,1,"Kairomone","No pheromone lure"
"StopNow","Pis","No",434,2017-07-20,2,1,0.5,"Kairomone","No pheromone lure"
"StopNow","Pis","No",434,2017-08-01,2,1,0.5,"Kairomone","No pheromone lure"
"StopNow","Pis","No",434,2017-08-17,9,8,0.888888888888889,"Kairomone","No pheromone lure"
"StopNow","Pis","No",434,2017-08-24,5,4,0.8,"Kairomone","No pheromone lure"
"StopNow","Pis","No",444,2017-06-22,1,1,1,"Kairomone","No pheromone lure"
"StopNow","Pis","No",444,2017-06-28,3,3,1,"Kairomone","No pheromone lure"
"StopNow","Pis","No",444,2017-07-06,6,5,0.833333333333333,"Kairomone","No pheromone lure"
"StopNow","Pis","No",444,2017-07-12,3,3,1,"Kairomone","No pheromone lure"
"StopNow","Pis","No",444,2017-07-20,4,2,0.5,"Kairomone","No pheromone lure"
"StopNow","Pis","No",444,2017-07-27,1,1,1,"Kairomone","No pheromone lure"
"StopNow","Pis","No",444,2017-08-01,2,0,0,"Kairomone","No pheromone lure"
"StopNow","Pis","No",444,2017-08-17,10,6,0.6,"Kairomone","No pheromone lure"
"StopNow","Pis","No",444,2017-08-24,12,8,0.666666666666667,"Kairomone","No pheromone lure"
"StopNow","Pis","No",451,2017-06-15,1,1,1,"Kairomone","No pheromone lure"
"StopNow","Pis","No",451,2017-06-22,2,2,1,"Kairomone","No pheromone lure"
"StopNow","Pis","No",451,2017-06-28,1,1,1,"Kairomone","No pheromone lure"
"StopNow","Pis","No",451,2017-07-06,2,1,0.5,"Kairomone","No pheromone lure"
"StopNow","Pis","No",451,2017-07-20,4,2,0.5,"Kairomone","No pheromone lure"
"StopNow","Pis","No",451,2017-07-27,1,0,0,"Kairomone","No pheromone lure"
"StopNow","Pis","No",451,2017-08-01,3,0,0,"Kairomone","No pheromone lure"
"StopNow","Pis","No",451,2017-08-17,8,5,0.625,"Kairomone","No pheromone lure"
"StopNow","Pis","No",451,2017-08-24,8,6,0.75,"Kairomone","No pheromone lure"
"StopNow","Pis","No",462,2017-06-22,4,4,1,"Kairomone","No pheromone lure"
"StopNow","Pis","No",462,2017-06-28,3,2,0.666666666666667,"Kairomone","No pheromone lure"
"StopNow","Pis","No",462,2017-07-06,2,2,1,"Kairomone","No pheromone lure"
"StopNow","Pis","No",462,2017-07-12,4,3,0.75,"Kairomone","No pheromone lure"
"StopNow","Pis","No",462,2017-07-20,5,4,0.8,"Kairomone","No pheromone lure"
"StopNow","Pis","No",462,2017-07-27,3,2,0.666666666666667,"Kairomone","No pheromone lure"
"StopNow","Pis","No",462,2017-08-01,1,0,0,"Kairomone","No pheromone lure"
"StopNow","Pis","No",462,2017-08-17,2,2,1,"Kairomone","No pheromone lure"
"StopNow","Pis","No",462,2017-08-24,6,5,0.833333333333333,"Kairomone","No pheromone lure"
"StopNow","Pis","No",471,2017-06-28,2,1,0.5,"Kairomone","No pheromone lure"
"StopNow","Pis","No",471,2017-07-06,2,1,0.5,"Kairomone","No pheromone lure"
"StopNow","Pis","No",471,2017-07-12,2,2,1,"Kairomone","No pheromone lure"
"StopNow","Pis","No",471,2017-07-20,4,3,0.75,"Kairomone","No pheromone lure"
"StopNow","Pis","No",471,2017-07-27,4,3,0.75,"Kairomone","No pheromone lure"
"StopNow","Pis","No",471,2017-08-01,2,1,0.5,"Kairomone","No pheromone lure"
"StopNow","Pis","No",471,2017-08-17,7,6,0.857142857142857,"Kairomone","No pheromone lure"
"StopNow","Pis","No",471,2017-08-24,2,2,1,"Kairomone","No pheromone lure"
"StopNow","Pis","No",484,2017-06-15,2,2,1,"Kairomone","No pheromone lure"
"StopNow","Pis","No",484,2017-06-22,5,4,0.8,"Kairomone","No pheromone lure"
"StopNow","Pis","No",484,2017-06-28,7,6,0.857142857142857,"Kairomone","No pheromone lure"
"StopNow","Pis","No",484,2017-07-06,1,1,1,"Kairomone","No pheromone lure"
"StopNow","Pis","No",484,2017-07-20,4,4,1,"Kairomone","No pheromone lure"
"StopNow","Pis","No",484,2017-07-27,4,3,0.75,"Kairomone","No pheromone lure"
"StopNow","Pis","No",484,2017-08-17,10,7,0.7,"Kairomone","No pheromone lure"
"StopNow","Pis","No",484,2017-08-24,5,4,0.8,"Kairomone","No pheromone lure"
"StopNow","Pis","Yes",211,2017-06-29,2,1,0.5,"Kairomone","No pheromone lure"
"StopNow","Pis","Yes",211,2017-07-05,5,3,0.6,"Kairomone","No pheromone lure"
"StopNow","Pis","Yes",211,2017-07-14,2,2,1,"Kairomone","No pheromone lure"
"StopNow","Pis","Yes",211,2017-07-18,1,1,1,"Kairomone","No pheromone lure"
"StopNow","Pis","Yes",211,2017-08-09,2,1,0.5,"Kairomone","No pheromone lure"
"StopNow","Pis","Yes",211,2017-08-15,5,2,0.4,"Kairomone","No pheromone lure"
"StopNow","Pis","Yes",211,2017-09-05,6,3,0.5,"Kairomone","No pheromone lure"
"StopNow","Pis","Yes",223,2017-07-05,5,3,0.6,"Kairomone","No pheromone lure"
"StopNow","Pis","Yes",223,2017-07-14,10,6,0.6,"Kairomone","No pheromone lure"
"StopNow","Pis","Yes",223,2017-08-09,7,6,0.857142857142857,"Kairomone","No pheromone lure"
"StopNow","Pis","Yes",223,2017-08-15,3,2,0.666666666666667,"Kairomone","No pheromone lure"
"StopNow","Pis","Yes",234,2017-07-05,2,0,0,"Kairomone","No pheromone lure"
"StopNow","Pis","Yes",234,2017-07-14,5,3,0.6,"Kairomone","No pheromone lure"
"StopNow","Pis","Yes",234,2017-07-18,3,2,0.666666666666667,"Kairomone","No pheromone lure"
"StopNow","Pis","Yes",234,2017-08-02,1,1,1,"Kairomone","No pheromone lure"
"StopNow","Pis","Yes",234,2017-08-15,1,1,1,"Kairomone","No pheromone lure"
"StopNow","Pis","Yes",242,2017-07-05,6,2,0.333333333333333,"Kairomone","No pheromone lure"
"StopNow","Pis","Yes",242,2017-07-14,8,5,0.625,"Kairomone","No pheromone lure"
"StopNow","Pis","Yes",242,2017-07-18,1,1,1,"Kairomone","No pheromone lure"
"StopNow","Pis","Yes",242,2017-08-02,4,2,0.5,"Kairomone","No pheromone lure"
"StopNow","Pis","Yes",242,2017-08-09,7,4,0.571428571428571,"Kairomone","No pheromone lure"
"StopNow","Pis","Yes",242,2017-08-15,4,3,0.75,"Kairomone","No pheromone lure"
"StopNow","Pis","Yes",242,2017-09-05,2,2,1,"Kairomone","No pheromone lure"
"StopNow","Pis","Yes",251,2017-06-29,1,0,0,"Kairomone","No pheromone lure"
"StopNow","Pis","Yes",251,2017-07-05,2,1,0.5,"Kairomone","No pheromone lure"
"StopNow","Pis","Yes",251,2017-07-14,3,2,0.666666666666667,"Kairomone","No pheromone lure"
"StopNow","Pis","Yes",251,2017-08-09,2,1,0.5,"Kairomone","No pheromone lure"
"StopNow","Pis","Yes",251,2017-08-15,3,3,1,"Kairomone","No pheromone lure"
"StopNow","Pis","Yes",251,2017-09-05,1,1,1,"Kairomone","No pheromone lure"
"StopNow","Pis","Yes",262,2017-06-15,1,1,1,"Kairomone","No pheromone lure"
"StopNow","Pis","Yes",262,2017-06-29,1,0,0,"Kairomone","No pheromone lure"
"StopNow","Pis","Yes",262,2017-07-05,3,2,0.666666666666667,"Kairomone","No pheromone lure"
"StopNow","Pis","Yes",262,2017-07-14,4,2,0.5,"Kairomone","No pheromone lure"
"StopNow","Pis","Yes",262,2017-08-15,7,6,0.857142857142857,"Kairomone","No pheromone lure"
"StopNow","Pis","Yes",262,2017-09-05,1,0,0,"Kairomone","No pheromone lure"
"StopNow","Pis","Yes",274,2017-06-23,1,1,1,"Kairomone","No pheromone lure"
"StopNow","Pis","Yes",274,2017-07-05,2,1,0.5,"Kairomone","No pheromone lure"
"StopNow","Pis","Yes",274,2017-07-14,1,0,0,"Kairomone","No pheromone lure"
"StopNow","Pis","Yes",274,2017-08-15,3,3,1,"Kairomone","No pheromone lure"
"StopNow","Pis","Yes",281,2017-06-23,2,0,0,"Kairomone","No pheromone lure"
"StopNow","Pis","Yes",281,2017-06-29,1,0,0,"Kairomone","No pheromone lure"
"StopNow","Pis","Yes",281,2017-07-05,5,4,0.8,"Kairomone","No pheromone lure"
"StopNow","Pis","Yes",281,2017-07-14,5,1,0.2,"Kairomone","No pheromone lure"
"StopNow","Pis","Yes",281,2017-07-18,2,2,1,"Kairomone","No pheromone lure"
"StopNow","Pis","Yes",281,2017-08-09,1,1,1,"Kairomone","No pheromone lure"
"StopNow","Pis","Yes",281,2017-08-15,2,1,0.5,"Kairomone","No pheromone lure"
"StopNowCombo","Alm","No",313,2017-06-15,6,6,1,"Kairomone","Pheromone lure"
"StopNowCombo","Alm","No",313,2017-06-28,5,5,1,"Kairomone","Pheromone lure"
"StopNowCombo","Alm","No",313,2017-07-06,6,5,0.833333333333333,"Kairomone","Pheromone lure"
"StopNowCombo","Alm","No",313,2017-07-11,10,7,0.7,"Kairomone","Pheromone lure"
"StopNowCombo","Alm","No",313,2017-07-20,2,2,1,"Kairomone","Pheromone lure"
"StopNowCombo","Alm","No",313,2017-08-01,56,41,0.732142857142857,"Kairomone","Pheromone lure"
"StopNowCombo","Alm","No",313,2017-08-08,20,11,0.55,"Kairomone","Pheromone lure"
"StopNowCombo","Alm","No",313,2017-08-23,21,12,0.571428571428571,"Kairomone","Pheromone lure"
"StopNowCombo","Alm","No",321,2017-06-15,5,4,0.8,"Kairomone","Pheromone lure"
"StopNowCombo","Alm","No",321,2017-06-28,7,7,1,"Kairomone","Pheromone lure"
"StopNowCombo","Alm","No",321,2017-07-06,6,5,0.833333333333333,"Kairomone","Pheromone lure"
"StopNowCombo","Alm","No",321,2017-07-20,6,5,0.833333333333333,"Kairomone","Pheromone lure"
"StopNowCombo","Alm","No",321,2017-08-01,69,47,0.681159420289855,"Kairomone","Pheromone lure"
"StopNowCombo","Alm","No",321,2017-08-08,13,11,0.846153846153846,"Kairomone","Pheromone lure"
"StopNowCombo","Alm","No",321,2017-08-23,12,8,0.666666666666667,"Kairomone","Pheromone lure"
"StopNowCombo","Alm","No",331,2017-06-28,3,1,0.333333333333333,"Kairomone","Pheromone lure"
"StopNowCombo","Alm","No",331,2017-07-06,2,0,0,"Kairomone","Pheromone lure"
"StopNowCombo","Alm","No",331,2017-07-20,3,3,1,"Kairomone","Pheromone lure"
"StopNowCombo","Alm","No",331,2017-08-01,56,42,0.75,"Kairomone","Pheromone lure"
"StopNowCombo","Alm","No",331,2017-08-08,10,10,1,"Kairomone","Pheromone lure"
"StopNowCombo","Alm","No",331,2017-08-23,2,2,1,"Kairomone","Pheromone lure"
"StopNowCombo","Alm","No",341,2017-06-15,7,5,0.714285714285714,"Kairomone","Pheromone lure"
"StopNowCombo","Alm","No",341,2017-06-22,13,12,0.923076923076923,"Kairomone","Pheromone lure"
"StopNowCombo","Alm","No",341,2017-06-28,5,4,0.8,"Kairomone","Pheromone lure"
"StopNowCombo","Alm","No",341,2017-07-06,9,8,0.888888888888889,"Kairomone","Pheromone lure"
"StopNowCombo","Alm","No",341,2017-07-20,5,5,1,"Kairomone","Pheromone lure"
"StopNowCombo","Alm","No",341,2017-08-01,64,43,0.671875,"Kairomone","Pheromone lure"
"StopNowCombo","Alm","No",341,2017-08-08,19,17,0.894736842105263,"Kairomone","Pheromone lure"
"StopNowCombo","Alm","No",341,2017-08-23,4,4,1,"Kairomone","Pheromone lure"
"StopNowCombo","Alm","No",352,2017-06-15,3,3,1,"Kairomone","Pheromone lure"
"StopNowCombo","Alm","No",352,2017-06-22,14,13,0.928571428571429,"Kairomone","Pheromone lure"
"StopNowCombo","Alm","No",352,2017-06-28,6,5,0.833333333333333,"Kairomone","Pheromone lure"
"StopNowCombo","Alm","No",352,2017-07-06,5,4,0.8,"Kairomone","Pheromone lure"
"StopNowCombo","Alm","No",352,2017-07-11,7,6,0.857142857142857,"Kairomone","Pheromone lure"
"StopNowCombo","Alm","No",352,2017-07-20,3,3,1,"Kairomone","Pheromone lure"
"StopNowCombo","Alm","No",352,2017-08-01,70,70,1,"Kairomone","Pheromone lure"
"StopNowCombo","Alm","No",352,2017-08-08,21,17,0.80952380952381,"Kairomone","Pheromone lure"
"StopNowCombo","Alm","No",352,2017-08-23,27,19,0.703703703703704,"Kairomone","Pheromone lure"
"StopNowCombo","Alm","No",363,2017-06-15,4,4,1,"Kairomone","Pheromone lure"
"StopNowCombo","Alm","No",363,2017-06-22,6,5,0.833333333333333,"Kairomone","Pheromone lure"
"StopNowCombo","Alm","No",363,2017-06-28,10,8,0.8,"Kairomone","Pheromone lure"
"StopNowCombo","Alm","No",363,2017-07-06,15,10,0.666666666666667,"Kairomone","Pheromone lure"
"StopNowCombo","Alm","No",363,2017-07-11,3,3,1,"Kairomone","Pheromone lure"
"StopNowCombo","Alm","No",363,2017-07-20,9,9,1,"Kairomone","Pheromone lure"
"StopNowCombo","Alm","No",363,2017-08-01,51,36,0.705882352941177,"Kairomone","Pheromone lure"
"StopNowCombo","Alm","No",363,2017-08-08,19,12,0.631578947368421,"Kairomone","Pheromone lure"
"StopNowCombo","Alm","No",363,2017-08-23,16,14,0.875,"Kairomone","Pheromone lure"
"StopNowCombo","Alm","No",374,2017-06-15,5,4,0.8,"Kairomone","Pheromone lure"
"StopNowCombo","Alm","No",374,2017-06-22,16,12,0.75,"Kairomone","Pheromone lure"
"StopNowCombo","Alm","No",374,2017-06-28,2,1,0.5,"Kairomone","Pheromone lure"
"StopNowCombo","Alm","No",374,2017-07-06,8,7,0.875,"Kairomone","Pheromone lure"
"StopNowCombo","Alm","No",374,2017-07-11,7,5,0.714285714285714,"Kairomone","Pheromone lure"
"StopNowCombo","Alm","No",374,2017-07-20,5,5,1,"Kairomone","Pheromone lure"
"StopNowCombo","Alm","No",374,2017-07-27,3,2,0.666666666666667,"Kairomone","Pheromone lure"
"StopNowCombo","Alm","No",374,2017-08-01,64,46,0.71875,"Kairomone","Pheromone lure"
"StopNowCombo","Alm","No",374,2017-08-08,6,4,0.666666666666667,"Kairomone","Pheromone lure"
"StopNowCombo","Alm","No",374,2017-08-23,24,17,0.708333333333333,"Kairomone","Pheromone lure"
"StopNowCombo","Alm","No",384,2017-06-15,10,8,0.8,"Kairomone","Pheromone lure"
"StopNowCombo","Alm","No",384,2017-06-28,12,9,0.75,"Kairomone","Pheromone lure"
"StopNowCombo","Alm","No",384,2017-07-06,12,9,0.75,"Kairomone","Pheromone lure"
"StopNowCombo","Alm","No",384,2017-07-11,4,3,0.75,"Kairomone","Pheromone lure"
"StopNowCombo","Alm","No",384,2017-07-20,5,4,0.8,"Kairomone","Pheromone lure"
"StopNowCombo","Alm","No",384,2017-08-01,65,42,0.646153846153846,"Kairomone","Pheromone lure"
"StopNowCombo","Alm","No",384,2017-08-08,20,12,0.6,"Kairomone","Pheromone lure"
"StopNowCombo","Alm","No",384,2017-08-23,29,21,0.724137931034483,"Kairomone","Pheromone lure"
"StopNowCombo","Alm","Yes",113,2017-06-23,2,1,0.5,"Kairomone","Pheromone lure"
"StopNowCombo","Alm","Yes",113,2017-06-29,6,6,1,"Kairomone","Pheromone lure"
"StopNowCombo","Alm","Yes",113,2017-07-05,4,2,0.5,"Kairomone","Pheromone lure"
"StopNowCombo","Alm","Yes",113,2017-07-26,1,0,0,"Kairomone","Pheromone lure"
"StopNowCombo","Alm","Yes",113,2017-08-09,3,1,0.333333333333333,"Kairomone","Pheromone lure"
"StopNowCombo","Alm","Yes",113,2017-08-15,3,2,0.666666666666667,"Kairomone","Pheromone lure"
"StopNowCombo","Alm","Yes",122,2017-07-05,7,5,0.714285714285714,"Kairomone","Pheromone lure"
"StopNowCombo","Alm","Yes",122,2017-07-14,2,1,0.5,"Kairomone","Pheromone lure"
"StopNowCombo","Alm","Yes",122,2017-07-26,1,0,0,"Kairomone","Pheromone lure"
"StopNowCombo","Alm","Yes",122,2017-08-09,2,1,0.5,"Kairomone","Pheromone lure"
"StopNowCombo","Alm","Yes",134,2017-06-23,3,2,0.666666666666667,"Kairomone","Pheromone lure"
"StopNowCombo","Alm","Yes",134,2017-06-29,10,6,0.6,"Kairomone","Pheromone lure"
"StopNowCombo","Alm","Yes",134,2017-07-05,3,3,1,"Kairomone","Pheromone lure"
"StopNowCombo","Alm","Yes",134,2017-07-18,9,0,0,"Kairomone","Pheromone lure"
"StopNowCombo","Alm","Yes",134,2017-08-02,2,0,0,"Kairomone","Pheromone lure"
"StopNowCombo","Alm","Yes",134,2017-08-09,4,1,0.25,"Kairomone","Pheromone lure"
"StopNowCombo","Alm","Yes",134,2017-08-15,52,4,0.0769230769230769,"Kairomone","Pheromone lure"
"StopNowCombo","Alm","Yes",144,2017-06-15,5,5,1,"Kairomone","Pheromone lure"
"StopNowCombo","Alm","Yes",144,2017-06-29,13,10,0.769230769230769,"Kairomone","Pheromone lure"
"StopNowCombo","Alm","Yes",144,2017-07-05,5,5,1,"Kairomone","Pheromone lure"
"StopNowCombo","Alm","Yes",144,2017-07-18,5,3,0.6,"Kairomone","Pheromone lure"
"StopNowCombo","Alm","Yes",144,2017-08-09,2,0,0,"Kairomone","Pheromone lure"
"StopNowCombo","Alm","Yes",144,2017-08-15,3,3,1,"Kairomone","Pheromone lure"
"StopNowCombo","Alm","Yes",144,2017-09-07,2,2,1,"Kairomone","Pheromone lure"
"StopNowCombo","Alm","Yes",153,2017-06-23,4,3,0.75,"Kairomone","Pheromone lure"
"StopNowCombo","Alm","Yes",153,2017-06-29,6,4,0.666666666666667,"Kairomone","Pheromone lure"
"StopNowCombo","Alm","Yes",153,2017-07-14,3,2,0.666666666666667,"Kairomone","Pheromone lure"
"StopNowCombo","Alm","Yes",153,2017-07-26,1,1,1,"Kairomone","Pheromone lure"
"StopNowCombo","Alm","Yes",153,2017-08-02,2,1,0.5,"Kairomone","Pheromone lure"
"StopNowCombo","Alm","Yes",153,2017-08-15,2,2,1,"Kairomone","Pheromone lure"
"StopNowCombo","Alm","Yes",153,2017-09-07,4,3,0.75,"Kairomone","Pheromone lure"
"StopNowCombo","Alm","Yes",161,2017-06-23,2,2,1,"Kairomone","Pheromone lure"
"StopNowCombo","Alm","Yes",161,2017-06-29,2,1,0.5,"Kairomone","Pheromone lure"
"StopNowCombo","Alm","Yes",161,2017-07-05,7,6,0.857142857142857,"Kairomone","Pheromone lure"
"StopNowCombo","Alm","Yes",161,2017-08-15,4,2,0.5,"Kairomone","Pheromone lure"
"StopNowCombo","Alm","Yes",172,2017-06-23,3,2,0.666666666666667,"Kairomone","Pheromone lure"
"StopNowCombo","Alm","Yes",172,2017-06-29,7,4,0.571428571428571,"Kairomone","Pheromone lure"
"StopNowCombo","Alm","Yes",172,2017-07-05,3,2,0.666666666666667,"Kairomone","Pheromone lure"
"StopNowCombo","Alm","Yes",172,2017-07-18,2,1,0.5,"Kairomone","Pheromone lure"
"StopNowCombo","Alm","Yes",172,2017-08-15,8,6,0.75,"Kairomone","Pheromone lure"
"StopNowCombo","Alm","Yes",184,2017-06-23,2,2,1,"Kairomone","Pheromone lure"
"StopNowCombo","Alm","Yes",184,2017-06-29,2,1,0.5,"Kairomone","Pheromone lure"
"StopNowCombo","Alm","Yes",184,2017-08-09,1,1,1,"Kairomone","Pheromone lure"
"StopNowCombo","Alm","Yes",184,2017-08-15,2,1,0.5,"Kairomone","Pheromone lure"
"StopNowCombo","Pis","No",412,2017-06-15,1,0,0,"Kairomone","Pheromone lure"
"StopNowCombo","Pis","No",412,2017-06-22,7,7,1,"Kairomone","Pheromone lure"
"StopNowCombo","Pis","No",412,2017-06-28,1,1,1,"Kairomone","Pheromone lure"
"StopNowCombo","Pis","No",412,2017-07-06,7,7,1,"Kairomone","Pheromone lure"
"StopNowCombo","Pis","No",412,2017-07-12,8,6,0.75,"Kairomone","Pheromone lure"
"StopNowCombo","Pis","No",412,2017-07-20,11,9,0.818181818181818,"Kairomone","Pheromone lure"
"StopNowCombo","Pis","No",412,2017-07-27,4,3,0.75,"Kairomone","Pheromone lure"
"StopNowCombo","Pis","No",412,2017-08-01,6,5,0.833333333333333,"Kairomone","Pheromone lure"
"StopNowCombo","Pis","No",412,2017-08-17,32,21,0.65625,"Kairomone","Pheromone lure"
"StopNowCombo","Pis","No",412,2017-08-24,27,13,0.481481481481481,"Kairomone","Pheromone lure"
"StopNowCombo","Pis","No",425,2017-06-15,12,12,1,"Kairomone","Pheromone lure"
"StopNowCombo","Pis","No",425,2017-06-22,9,9,1,"Kairomone","Pheromone lure"
"StopNowCombo","Pis","No",425,2017-06-28,7,5,0.714285714285714,"Kairomone","Pheromone lure"
"StopNowCombo","Pis","No",425,2017-07-06,14,10,0.714285714285714,"Kairomone","Pheromone lure"
"StopNowCombo","Pis","No",425,2017-07-12,9,8,0.888888888888889,"Kairomone","Pheromone lure"
"StopNowCombo","Pis","No",425,2017-07-20,5,2,0.4,"Kairomone","Pheromone lure"
"StopNowCombo","Pis","No",425,2017-07-27,5,3,0.6,"Kairomone","Pheromone lure"
"StopNowCombo","Pis","No",425,2017-08-01,10,9,0.9,"Kairomone","Pheromone lure"
"StopNowCombo","Pis","No",425,2017-08-17,14,9,0.642857142857143,"Kairomone","Pheromone lure"
"StopNowCombo","Pis","No",425,2017-08-24,4,3,0.75,"Kairomone","Pheromone lure"
"StopNowCombo","Pis","No",435,2017-06-15,3,3,1,"Kairomone","Pheromone lure"
"StopNowCombo","Pis","No",435,2017-06-22,5,4,0.8,"Kairomone","Pheromone lure"
"StopNowCombo","Pis","No",435,2017-06-28,1,1,1,"Kairomone","Pheromone lure"
"StopNowCombo","Pis","No",435,2017-07-06,12,11,0.916666666666667,"Kairomone","Pheromone lure"
"StopNowCombo","Pis","No",435,2017-07-12,14,12,0.857142857142857,"Kairomone","Pheromone lure"
"StopNowCombo","Pis","No",435,2017-07-20,11,9,0.818181818181818,"Kairomone","Pheromone lure"
"StopNowCombo","Pis","No",435,2017-07-27,6,5,0.833333333333333,"Kairomone","Pheromone lure"
"StopNowCombo","Pis","No",435,2017-08-01,9,8,0.888888888888889,"Kairomone","Pheromone lure"
"StopNowCombo","Pis","No",435,2017-08-17,15,12,0.8,"Kairomone","Pheromone lure"
"StopNowCombo","Pis","No",435,2017-08-24,15,10,0.666666666666667,"Kairomone","Pheromone lure"
"StopNowCombo","Pis","No",441,2017-06-15,1,1,1,"Kairomone","Pheromone lure"
"StopNowCombo","Pis","No",441,2017-06-22,6,3,0.5,"Kairomone","Pheromone lure"
"StopNowCombo","Pis","No",441,2017-06-28,3,2,0.666666666666667,"Kairomone","Pheromone lure"
"StopNowCombo","Pis","No",441,2017-07-06,5,3,0.6,"Kairomone","Pheromone lure"
"StopNowCombo","Pis","No",441,2017-07-12,4,1,0.25,"Kairomone","Pheromone lure"
"StopNowCombo","Pis","No",441,2017-07-20,11,9,0.818181818181818,"Kairomone","Pheromone lure"
"StopNowCombo","Pis","No",441,2017-07-27,6,3,0.5,"Kairomone","Pheromone lure"
"StopNowCombo","Pis","No",441,2017-08-01,7,5,0.714285714285714,"Kairomone","Pheromone lure"
"StopNowCombo","Pis","No",441,2017-08-17,5,4,0.8,"Kairomone","Pheromone lure"
"StopNowCombo","Pis","No",441,2017-08-24,8,6,0.75,"Kairomone","Pheromone lure"
"StopNowCombo","Pis","No",453,2017-06-15,3,2,0.666666666666667,"Kairomone","Pheromone lure"
"StopNowCombo","Pis","No",453,2017-06-22,7,7,1,"Kairomone","Pheromone lure"
"StopNowCombo","Pis","No",453,2017-06-28,6,2,0.333333333333333,"Kairomone","Pheromone lure"
"StopNowCombo","Pis","No",453,2017-07-06,8,5,0.625,"Kairomone","Pheromone lure"
"StopNowCombo","Pis","No",453,2017-07-12,4,4,1,"Kairomone","Pheromone lure"
"StopNowCombo","Pis","No",453,2017-07-20,4,2,0.5,"Kairomone","Pheromone lure"
"StopNowCombo","Pis","No",453,2017-07-27,5,2,0.4,"Kairomone","Pheromone lure"
"StopNowCombo","Pis","No",453,2017-08-01,3,3,1,"Kairomone","Pheromone lure"
"StopNowCombo","Pis","No",453,2017-08-17,7,6,0.857142857142857,"Kairomone","Pheromone lure"
"StopNowCombo","Pis","No",453,2017-08-24,2,1,0.5,"Kairomone","Pheromone lure"
"StopNowCombo","Pis","No",461,2017-06-15,3,3,1,"Kairomone","Pheromone lure"
"StopNowCombo","Pis","No",461,2017-06-22,8,6,0.75,"Kairomone","Pheromone lure"
"StopNowCombo","Pis","No",461,2017-06-28,5,5,1,"Kairomone","Pheromone lure"
"StopNowCombo","Pis","No",461,2017-07-06,11,9,0.818181818181818,"Kairomone","Pheromone lure"
"StopNowCombo","Pis","No",461,2017-07-12,6,5,0.833333333333333,"Kairomone","Pheromone lure"
"StopNowCombo","Pis","No",461,2017-07-20,5,5,1,"Kairomone","Pheromone lure"
"StopNowCombo","Pis","No",461,2017-07-27,8,7,0.875,"Kairomone","Pheromone lure"
"StopNowCombo","Pis","No",461,2017-08-01,10,7,0.7,"Kairomone","Pheromone lure"
"StopNowCombo","Pis","No",461,2017-08-17,18,11,0.611111111111111,"Kairomone","Pheromone lure"
"StopNowCombo","Pis","No",461,2017-08-24,14,12,0.857142857142857,"Kairomone","Pheromone lure"
"StopNowCombo","Pis","No",473,2017-06-15,6,6,1,"Kairomone","Pheromone lure"
"StopNowCombo","Pis","No",473,2017-06-22,7,6,0.857142857142857,"Kairomone","Pheromone lure"
"StopNowCombo","Pis","No",473,2017-06-28,6,2,0.333333333333333,"Kairomone","Pheromone lure"
"StopNowCombo","Pis","No",473,2017-07-06,9,5,0.555555555555556,"Kairomone","Pheromone lure"
"StopNowCombo","Pis","No",473,2017-07-20,9,5,0.555555555555556,"Kairomone","Pheromone lure"
"StopNowCombo","Pis","No",473,2017-07-27,9,7,0.777777777777778,"Kairomone","Pheromone lure"
"StopNowCombo","Pis","No",473,2017-08-01,9,7,0.777777777777778,"Kairomone","Pheromone lure"
"StopNowCombo","Pis","No",473,2017-08-17,7,7,1,"Kairomone","Pheromone lure"
"StopNowCombo","Pis","No",473,2017-08-24,10,7,0.7,"Kairomone","Pheromone lure"
"StopNowCombo","Pis","No",485,2017-06-15,11,11,1,"Kairomone","Pheromone lure"
"StopNowCombo","Pis","No",485,2017-06-22,16,15,0.9375,"Kairomone","Pheromone lure"
"StopNowCombo","Pis","No",485,2017-06-28,9,7,0.777777777777778,"Kairomone","Pheromone lure"
"StopNowCombo","Pis","No",485,2017-07-06,4,3,0.75,"Kairomone","Pheromone lure"
"StopNowCombo","Pis","No",485,2017-07-12,6,3,0.5,"Kairomone","Pheromone lure"
"StopNowCombo","Pis","No",485,2017-07-20,4,3,0.75,"Kairomone","Pheromone lure"
"StopNowCombo","Pis","No",485,2017-07-27,4,2,0.5,"Kairomone","Pheromone lure"
"StopNowCombo","Pis","No",485,2017-08-01,23,17,0.739130434782609,"Kairomone","Pheromone lure"
"StopNowCombo","Pis","No",485,2017-08-17,21,12,0.571428571428571,"Kairomone","Pheromone lure"
"StopNowCombo","Pis","No",485,2017-08-24,8,5,0.625,"Kairomone","Pheromone lure"
"StopNowCombo","Pis","Yes",215,2017-06-23,1,1,1,"Kairomone","Pheromone lure"
"StopNowCombo","Pis","Yes",215,2017-06-29,2,0,0,"Kairomone","Pheromone lure"
"StopNowCombo","Pis","Yes",215,2017-07-05,9,6,0.666666666666667,"Kairomone","Pheromone lure"
"StopNowCombo","Pis","Yes",215,2017-07-14,16,11,0.6875,"Kairomone","Pheromone lure"
"StopNowCombo","Pis","Yes",215,2017-07-18,2,0,0,"Kairomone","Pheromone lure"
"StopNowCombo","Pis","Yes",215,2017-08-02,2,2,1,"Kairomone","Pheromone lure"
"StopNowCombo","Pis","Yes",215,2017-08-09,8,5,0.625,"Kairomone","Pheromone lure"
"StopNowCombo","Pis","Yes",215,2017-08-15,12,7,0.583333333333333,"Kairomone","Pheromone lure"
"StopNowCombo","Pis","Yes",215,2017-09-05,5,3,0.6,"Kairomone","Pheromone lure"
"StopNowCombo","Pis","Yes",224,2017-06-15,2,1,0.5,"Kairomone","Pheromone lure"
"StopNowCombo","Pis","Yes",224,2017-06-29,2,2,1,"Kairomone","Pheromone lure"
"StopNowCombo","Pis","Yes",224,2017-07-05,4,1,0.25,"Kairomone","Pheromone lure"
"StopNowCombo","Pis","Yes",224,2017-07-14,14,6,0.428571428571429,"Kairomone","Pheromone lure"
"StopNowCombo","Pis","Yes",224,2017-08-02,52,0,0,"Kairomone","Pheromone lure"
"StopNowCombo","Pis","Yes",224,2017-08-09,11,8,0.727272727272727,"Kairomone","Pheromone lure"
"StopNowCombo","Pis","Yes",224,2017-08-15,9,7,0.777777777777778,"Kairomone","Pheromone lure"
"StopNowCombo","Pis","Yes",224,2017-09-05,1,0,0,"Kairomone","Pheromone lure"
"StopNowCombo","Pis","Yes",235,2017-07-05,8,2,0.25,"Kairomone","Pheromone lure"
"StopNowCombo","Pis","Yes",235,2017-07-14,11,8,0.727272727272727,"Kairomone","Pheromone lure"
"StopNowCombo","Pis","Yes",235,2017-07-18,2,1,0.5,"Kairomone","Pheromone lure"
"StopNowCombo","Pis","Yes",235,2017-08-09,4,1,0.25,"Kairomone","Pheromone lure"
"StopNowCombo","Pis","Yes",235,2017-08-15,4,3,0.75,"Kairomone","Pheromone lure"
"StopNowCombo","Pis","Yes",244,2017-06-15,1,1,1,"Kairomone","Pheromone lure"
"StopNowCombo","Pis","Yes",244,2017-07-05,4,1,0.25,"Kairomone","Pheromone lure"
"StopNowCombo","Pis","Yes",244,2017-07-14,8,4,0.5,"Kairomone","Pheromone lure"
"StopNowCombo","Pis","Yes",244,2017-08-02,1,0,0,"Kairomone","Pheromone lure"
"StopNowCombo","Pis","Yes",244,2017-08-09,7,5,0.714285714285714,"Kairomone","Pheromone lure"
"StopNowCombo","Pis","Yes",244,2017-08-15,9,6,0.666666666666667,"Kairomone","Pheromone lure"
"StopNowCombo","Pis","Yes",244,2017-09-05,3,2,0.666666666666667,"Kairomone","Pheromone lure"
"StopNowCombo","Pis","Yes",253,2017-06-29,1,0,0,"Kairomone","Pheromone lure"
"StopNowCombo","Pis","Yes",253,2017-07-05,3,1,0.333333333333333,"Kairomone","Pheromone lure"
"StopNowCombo","Pis","Yes",253,2017-07-14,9,5,0.555555555555556,"Kairomone","Pheromone lure"
"StopNowCombo","Pis","Yes",253,2017-07-18,2,1,0.5,"Kairomone","Pheromone lure"
"StopNowCombo","Pis","Yes",253,2017-07-26,2,1,0.5,"Kairomone","Pheromone lure"
"StopNowCombo","Pis","Yes",253,2017-08-09,8,5,0.625,"Kairomone","Pheromone lure"
"StopNowCombo","Pis","Yes",253,2017-08-15,4,2,0.5,"Kairomone","Pheromone lure"
"StopNowCombo","Pis","Yes",261,2017-06-23,1,1,1,"Kairomone","Pheromone lure"
"StopNowCombo","Pis","Yes",261,2017-06-29,1,0,0,"Kairomone","Pheromone lure"
"StopNowCombo","Pis","Yes",261,2017-07-05,4,2,0.5,"Kairomone","Pheromone lure"
"StopNowCombo","Pis","Yes",261,2017-07-14,8,5,0.625,"Kairomone","Pheromone lure"
"StopNowCombo","Pis","Yes",261,2017-08-09,9,4,0.444444444444444,"Kairomone","Pheromone lure"
"StopNowCombo","Pis","Yes",261,2017-08-15,7,5,0.714285714285714,"Kairomone","Pheromone lure"
"StopNowCombo","Pis","Yes",275,2017-07-05,5,3,0.6,"Kairomone","Pheromone lure"
"StopNowCombo","Pis","Yes",275,2017-07-14,7,3,0.428571428571429,"Kairomone","Pheromone lure"
"StopNowCombo","Pis","Yes",275,2017-07-18,3,3,1,"Kairomone","Pheromone lure"
"StopNowCombo","Pis","Yes",275,2017-08-02,4,3,0.75,"Kairomone","Pheromone lure"
"StopNowCombo","Pis","Yes",275,2017-08-09,9,6,0.666666666666667,"Kairomone","Pheromone lure"
"StopNowCombo","Pis","Yes",275,2017-08-15,3,2,0.666666666666667,"Kairomone","Pheromone lure"
"StopNowCombo","Pis","Yes",282,2017-06-23,1,0,0,"Kairomone","Pheromone lure"
"StopNowCombo","Pis","Yes",282,2017-06-29,2,1,0.5,"Kairomone","Pheromone lure"
"StopNowCombo","Pis","Yes",282,2017-07-05,7,2,0.285714285714286,"Kairomone","Pheromone lure"
"StopNowCombo","Pis","Yes",282,2017-07-14,14,10,0.714285714285714,"Kairomone","Pheromone lure"
"StopNowCombo","Pis","Yes",282,2017-07-18,1,1,1,"Kairomone","Pheromone lure"
"StopNowCombo","Pis","Yes",282,2017-08-09,5,3,0.6,"Kairomone","Pheromone lure"
"StopNowCombo","Pis","Yes",282,2017-08-15,3,2,0.666666666666667,"Kairomone","Pheromone lure"
"StopNowCombo","Pis","Yes",282,2017-09-05,1,1,1,"Kairomone","Pheromone lure"
