"TrtCode","Treatment","Rep","TrapID","Site","Crop","MD","Count","Male","EndDate","StartDate","prop_males","attractant","phero_lure"
"B","Ppo","1",311,"Kettleman","Alm","No",39,36,2018-04-27,2018-04-10,0.923076923076923,"PPO","No pheromone lure"
"B","Ppo","2",324,"Kettleman","Alm","No",29,25,2018-04-27,2018-04-10,0.862068965517241,"PPO","No pheromone lure"
"B","Ppo","3",333,"Kettleman","Alm","No",18,18,2018-04-27,2018-04-10,1,"PPO","No pheromone lure"
"B","Ppo","4",341,"Kettleman","Alm","No",34,30,2018-04-27,2018-04-10,0.882352941176471,"PPO","No pheromone lure"
"B","Ppo","5",354,"Kettleman","Alm","No",46,40,2018-04-27,2018-04-10,0.869565217391304,"PPO","No pheromone lure"
"B","Ppo","6",364,"Kettleman","Alm","No",42,38,2018-04-27,2018-04-10,0.904761904761905,"PPO","No pheromone lure"
"B","Ppo","7",374,"Kettleman","Alm","No",65,59,2018-04-27,2018-04-10,0.907692307692308,"PPO","No pheromone lure"
"B","Ppo","8",384,"Kettleman","Alm","No",86,80,2018-04-27,2018-04-10,0.930232558139535,"PPO","No pheromone lure"
"B","Ppo","1",311,"Kettleman","Alm","No",43,40,2018-05-04,2018-04-27,0.930232558139535,"PPO","No pheromone lure"
"B","Ppo","2",324,"Kettleman","Alm","No",36,32,2018-05-04,2018-04-27,0.888888888888889,"PPO","No pheromone lure"
"B","Ppo","3",333,"Kettleman","Alm","No",42,36,2018-05-04,2018-04-27,0.857142857142857,"PPO","No pheromone lure"
"B","Ppo","4",341,"Kettleman","Alm","No",69,64,2018-05-04,2018-04-27,0.927536231884058,"PPO","No pheromone lure"
"B","Ppo","5",355,"Kettleman","Alm","No",31,29,2018-05-04,2018-04-27,0.935483870967742,"PPO","No pheromone lure"
"B","Ppo","6",363,"Kettleman","Alm","No",39,33,2018-05-04,2018-04-27,0.846153846153846,"PPO","No pheromone lure"
"B","Ppo","7",372,"Kettleman","Alm","No",20,16,2018-05-04,2018-04-27,0.8,"PPO","No pheromone lure"
"B","Ppo","8",381,"Kettleman","Alm","No",49,39,2018-05-04,2018-04-27,0.795918367346939,"PPO","No pheromone lure"
"B","Ppo","1",311,"Kettleman","Alm","No",50,46,2018-05-16,2018-05-04,0.92,"PPO","No pheromone lure"
"B","Ppo","2",324,"Kettleman","Alm","No",48,44,2018-05-16,2018-05-04,0.916666666666667,"PPO","No pheromone lure"
"B","Ppo","3",333,"Kettleman","Alm","No",44,29,2018-05-16,2018-05-04,0.659090909090909,"PPO","No pheromone lure"
"B","Ppo","4",341,"Kettleman","Alm","No",62,52,2018-05-16,2018-05-04,0.838709677419355,"PPO","No pheromone lure"
"B","Ppo","5",355,"Kettleman","Alm","No",31,30,2018-05-16,2018-05-04,0.967741935483871,"PPO","No pheromone lure"
"B","Ppo","6",363,"Kettleman","Alm","No",27,22,2018-05-16,2018-05-04,0.814814814814815,"PPO","No pheromone lure"
"B","Ppo","7",372,"Kettleman","Alm","No",21,19,2018-05-16,2018-05-04,0.904761904761905,"PPO","No pheromone lure"
"B","Ppo","8",381,"Kettleman","Alm","No",55,48,2018-05-16,2018-05-04,0.872727272727273,"PPO","No pheromone lure"
"B","Ppo","1",311,"Kettleman","Alm","No",14,7,2018-05-25,2018-05-16,0.5,"PPO","No pheromone lure"
"B","Ppo","2",324,"Kettleman","Alm","No",17,10,2018-05-25,2018-05-16,0.588235294117647,"PPO","No pheromone lure"
"B","Ppo","3",333,"Kettleman","Alm","No",19,13,2018-05-25,2018-05-16,0.684210526315789,"PPO","No pheromone lure"
"B","Ppo","4",341,"Kettleman","Alm","No",17,12,2018-05-25,2018-05-16,0.705882352941177,"PPO","No pheromone lure"
"B","Ppo","5",355,"Kettleman","Alm","No",5,4,2018-05-25,2018-05-16,0.8,"PPO","No pheromone lure"
"B","Ppo","6",363,"Kettleman","Alm","No",19,11,2018-05-25,2018-05-16,0.578947368421053,"PPO","No pheromone lure"
"B","Ppo","7",372,"Kettleman","Alm","No",9,6,2018-05-25,2018-05-16,0.666666666666667,"PPO","No pheromone lure"
"B","Ppo","8",381,"Kettleman","Alm","No",11,9,2018-05-25,2018-05-16,0.818181818181818,"PPO","No pheromone lure"
"B","Ppo","1",311,"Kettleman","Alm","No",2,1,2018-05-29,2018-05-25,0.5,"PPO","No pheromone lure"
"B","Ppo","2",324,"Kettleman","Alm","No",3,2,2018-05-29,2018-05-25,0.666666666666667,"PPO","No pheromone lure"
"B","Ppo","3",333,"Kettleman","Alm","No",0,0,2018-05-29,2018-05-25,NA,"PPO","No pheromone lure"
"B","Ppo","4",341,"Kettleman","Alm","No",3,3,2018-05-29,2018-05-25,1,"PPO","No pheromone lure"
"B","Ppo","5",355,"Kettleman","Alm","No",2,1,2018-05-29,2018-05-25,0.5,"PPO","No pheromone lure"
"B","Ppo","6",363,"Kettleman","Alm","No",5,5,2018-05-29,2018-05-25,1,"PPO","No pheromone lure"
"B","Ppo","7",372,"Kettleman","Alm","No",2,2,2018-05-29,2018-05-25,1,"PPO","No pheromone lure"
"B","Ppo","8",381,"Kettleman","Alm","No",2,2,2018-05-29,2018-05-25,1,"PPO","No pheromone lure"
"B","Ppo","1",412,"Kettleman","Pis","No",6,5,2018-04-13,2018-04-06,0.833333333333333,"PPO","No pheromone lure"
"B","Ppo","2",424,"Kettleman","Pis","No",4,4,2018-04-13,2018-04-06,1,"PPO","No pheromone lure"
"B","Ppo","3",431,"Kettleman","Pis","No",7,6,2018-04-13,2018-04-06,0.857142857142857,"PPO","No pheromone lure"
"B","Ppo","4",445,"Kettleman","Pis","No",4,4,2018-04-13,2018-04-06,1,"PPO","No pheromone lure"
"B","Ppo","5",452,"Kettleman","Pis","No",1,1,2018-04-13,2018-04-06,1,"PPO","No pheromone lure"
"B","Ppo","6",462,"Kettleman","Pis","No",1,1,2018-04-13,2018-04-06,1,"PPO","No pheromone lure"
"B","Ppo","7",475,"Kettleman","Pis","No",4,3,2018-04-13,2018-04-06,0.75,"PPO","No pheromone lure"
"B","Ppo","8",481,"Kettleman","Pis","No",12,12,2018-04-13,2018-04-06,1,"PPO","No pheromone lure"
"B","Ppo","1",412,"Kettleman","Pis","No",14,12,2018-04-27,2018-04-13,0.857142857142857,"PPO","No pheromone lure"
"B","Ppo","2",424,"Kettleman","Pis","No",14,13,2018-04-27,2018-04-13,0.928571428571429,"PPO","No pheromone lure"
"B","Ppo","3",431,"Kettleman","Pis","No",27,25,2018-04-27,2018-04-13,0.925925925925926,"PPO","No pheromone lure"
"B","Ppo","4",445,"Kettleman","Pis","No",20,18,2018-04-27,2018-04-13,0.9,"PPO","No pheromone lure"
"B","Ppo","5",452,"Kettleman","Pis","No",12,10,2018-04-27,2018-04-13,0.833333333333333,"PPO","No pheromone lure"
"B","Ppo","6",462,"Kettleman","Pis","No",29,23,2018-04-27,2018-04-13,0.793103448275862,"PPO","No pheromone lure"
"B","Ppo","7",475,"Kettleman","Pis","No",44,39,2018-04-27,2018-04-13,0.886363636363636,"PPO","No pheromone lure"
"B","Ppo","8",481,"Kettleman","Pis","No",30,27,2018-04-27,2018-04-13,0.9,"PPO","No pheromone lure"
"B","Ppo","1",412,"Kettleman","Pis","No",9,9,2018-05-07,2018-04-27,1,"PPO","No pheromone lure"
"B","Ppo","2",424,"Kettleman","Pis","No",5,5,2018-05-07,2018-04-27,1,"PPO","No pheromone lure"
"B","Ppo","3",431,"Kettleman","Pis","No",14,13,2018-05-07,2018-04-27,0.928571428571429,"PPO","No pheromone lure"
"B","Ppo","4",445,"Kettleman","Pis","No",20,18,2018-05-07,2018-04-27,0.9,"PPO","No pheromone lure"
"B","Ppo","5",452,"Kettleman","Pis","No",14,11,2018-05-07,2018-04-27,0.785714285714286,"PPO","No pheromone lure"
"B","Ppo","6",462,"Kettleman","Pis","No",9,8,2018-05-07,2018-04-27,0.888888888888889,"PPO","No pheromone lure"
"B","Ppo","7",475,"Kettleman","Pis","No",16,14,2018-05-07,2018-04-27,0.875,"PPO","No pheromone lure"
"B","Ppo","8",481,"Kettleman","Pis","No",18,15,2018-05-07,2018-04-27,0.833333333333333,"PPO","No pheromone lure"
"B","Ppo","1",412,"Kettleman","Pis","No",5,4,2018-05-17,2018-05-04,0.8,"PPO","No pheromone lure"
"B","Ppo","2",424,"Kettleman","Pis","No",2,2,2018-05-17,2018-05-04,1,"PPO","No pheromone lure"
"B","Ppo","3",431,"Kettleman","Pis","No",16,13,2018-05-17,2018-05-04,0.8125,"PPO","No pheromone lure"
"B","Ppo","4",445,"Kettleman","Pis","No",6,5,2018-05-17,2018-05-04,0.833333333333333,"PPO","No pheromone lure"
"B","Ppo","5",452,"Kettleman","Pis","No",18,15,2018-05-17,2018-05-04,0.833333333333333,"PPO","No pheromone lure"
"B","Ppo","6",462,"Kettleman","Pis","No",9,5,2018-05-17,2018-05-04,0.555555555555556,"PPO","No pheromone lure"
"B","Ppo","7",475,"Kettleman","Pis","No",12,9,2018-05-17,2018-05-04,0.75,"PPO","No pheromone lure"
"B","Ppo","8",481,"Kettleman","Pis","No",13,8,2018-05-17,2018-05-04,0.615384615384615,"PPO","No pheromone lure"
"B","Ppo","1",412,"Kettleman","Pis","No",4,4,2018-05-24,2018-05-17,1,"PPO","No pheromone lure"
"B","Ppo","2",424,"Kettleman","Pis","No",1,1,2018-05-24,2018-05-17,1,"PPO","No pheromone lure"
"B","Ppo","3",431,"Kettleman","Pis","No",3,3,2018-05-24,2018-05-17,1,"PPO","No pheromone lure"
"B","Ppo","4",445,"Kettleman","Pis","No",4,4,2018-05-24,2018-05-17,1,"PPO","No pheromone lure"
"B","Ppo","5",452,"Kettleman","Pis","No",5,4,2018-05-24,2018-05-17,0.8,"PPO","No pheromone lure"
"B","Ppo","6",462,"Kettleman","Pis","No",8,6,2018-05-24,2018-05-17,0.75,"PPO","No pheromone lure"
"B","Ppo","7",475,"Kettleman","Pis","No",4,4,2018-05-24,2018-05-17,1,"PPO","No pheromone lure"
"B","Ppo","8",481,"Kettleman","Pis","No",9,8,2018-05-24,2018-05-17,0.888888888888889,"PPO","No pheromone lure"
"B","Ppo","1",412,"Kettleman","Pis","No",2,1,2018-05-29,2018-05-24,0.5,"PPO","No pheromone lure"
"B","Ppo","2",424,"Kettleman","Pis","No",3,3,2018-05-29,2018-05-24,1,"PPO","No pheromone lure"
"B","Ppo","3",431,"Kettleman","Pis","No",0,0,2018-05-29,2018-05-24,NA,"PPO","No pheromone lure"
"B","Ppo","4",445,"Kettleman","Pis","No",1,1,2018-05-29,2018-05-24,1,"PPO","No pheromone lure"
"B","Ppo","5",452,"Kettleman","Pis","No",3,3,2018-05-29,2018-05-24,1,"PPO","No pheromone lure"
"B","Ppo","6",462,"Kettleman","Pis","No",2,2,2018-05-29,2018-05-24,1,"PPO","No pheromone lure"
"B","Ppo","7",475,"Kettleman","Pis","No",3,2,2018-05-29,2018-05-24,0.666666666666667,"PPO","No pheromone lure"
"B","Ppo","8",481,"Kettleman","Pis","No",7,7,2018-05-29,2018-05-24,1,"PPO","No pheromone lure"
"B","Ppo","1",412,"Kettleman","Pis","No",7,5,2018-06-07,2018-05-29,0.714285714285714,"PPO","No pheromone lure"
"B","Ppo","2",424,"Kettleman","Pis","No",5,4,2018-06-07,2018-05-29,0.8,"PPO","No pheromone lure"
"B","Ppo","3",431,"Kettleman","Pis","No",10,6,2018-06-07,2018-05-29,0.6,"PPO","No pheromone lure"
"B","Ppo","4",445,"Kettleman","Pis","No",8,6,2018-06-07,2018-05-29,0.75,"PPO","No pheromone lure"
"B","Ppo","5",452,"Kettleman","Pis","No",11,8,2018-06-07,2018-05-29,0.727272727272727,"PPO","No pheromone lure"
"B","Ppo","6",462,"Kettleman","Pis","No",7,1,2018-06-07,2018-05-29,0.142857142857143,"PPO","No pheromone lure"
"B","Ppo","7",475,"Kettleman","Pis","No",12,7,2018-06-07,2018-05-29,0.583333333333333,"PPO","No pheromone lure"
"B","Ppo","8",481,"Kettleman","Pis","No",20,13,2018-06-07,2018-05-29,0.65,"PPO","No pheromone lure"
"B","Ppo","1",211,"VistaVerde","Pis","Yes",16,13,2018-04-30,2018-04-09,0.8125,"PPO","No pheromone lure"
"B","Ppo","2",222,"VistaVerde","Pis","Yes",9,7,2018-04-30,2018-04-09,0.777777777777778,"PPO","No pheromone lure"
"B","Ppo","3",234,"VistaVerde","Pis","Yes",14,12,2018-04-30,2018-04-09,0.857142857142857,"PPO","No pheromone lure"
"B","Ppo","4",243,"VistaVerde","Pis","Yes",15,12,2018-04-30,2018-04-09,0.8,"PPO","No pheromone lure"
"B","Ppo","5",253,"VistaVerde","Pis","Yes",16,11,2018-04-30,2018-04-09,0.6875,"PPO","No pheromone lure"
"B","Ppo","6",263,"VistaVerde","Pis","Yes",15,15,2018-04-30,2018-04-09,1,"PPO","No pheromone lure"
"B","Ppo","7",271,"VistaVerde","Pis","Yes",23,20,2018-04-30,2018-04-09,0.869565217391304,"PPO","No pheromone lure"
"B","Ppo","8",282,"VistaVerde","Pis","Yes",12,9,2018-04-30,2018-04-09,0.75,"PPO","No pheromone lure"
"B","Ppo","1",211,"VistaVerde","Pis","Yes",23,21,2018-05-08,2018-04-30,0.91304347826087,"PPO","No pheromone lure"
"B","Ppo","2",222,"VistaVerde","Pis","Yes",10,10,2018-05-08,2018-04-30,1,"PPO","No pheromone lure"
"B","Ppo","3",234,"VistaVerde","Pis","Yes",23,14,2018-05-08,2018-04-30,0.608695652173913,"PPO","No pheromone lure"
"B","Ppo","4",243,"VistaVerde","Pis","Yes",12,11,2018-05-08,2018-04-30,0.916666666666667,"PPO","No pheromone lure"
"B","Ppo","5",253,"VistaVerde","Pis","Yes",22,19,2018-05-08,2018-04-30,0.863636363636364,"PPO","No pheromone lure"
"B","Ppo","6",263,"VistaVerde","Pis","Yes",23,20,2018-05-08,2018-04-30,0.869565217391304,"PPO","No pheromone lure"
"B","Ppo","7",271,"VistaVerde","Pis","Yes",27,20,2018-05-08,2018-04-30,0.740740740740741,"PPO","No pheromone lure"
"B","Ppo","8",282,"VistaVerde","Pis","Yes",34,30,2018-05-08,2018-04-30,0.882352941176471,"PPO","No pheromone lure"
"B","Ppo","1",211,"VistaVerde","Pis","Yes",7,6,2018-05-15,2018-05-08,0.857142857142857,"PPO","No pheromone lure"
"B","Ppo","2",222,"VistaVerde","Pis","Yes",5,4,2018-05-15,2018-05-08,0.8,"PPO","No pheromone lure"
"B","Ppo","3",234,"VistaVerde","Pis","Yes",6,1,2018-05-15,2018-05-08,0.166666666666667,"PPO","No pheromone lure"
"B","Ppo","4",243,"VistaVerde","Pis","Yes",7,4,2018-05-15,2018-05-08,0.571428571428571,"PPO","No pheromone lure"
"B","Ppo","5",253,"VistaVerde","Pis","Yes",11,6,2018-05-15,2018-05-08,0.545454545454545,"PPO","No pheromone lure"
"B","Ppo","6",263,"VistaVerde","Pis","Yes",5,3,2018-05-15,2018-05-08,0.6,"PPO","No pheromone lure"
"B","Ppo","7",271,"VistaVerde","Pis","Yes",10,5,2018-05-15,2018-05-08,0.5,"PPO","No pheromone lure"
"B","Ppo","8",282,"VistaVerde","Pis","Yes",20,16,2018-05-15,2018-05-08,0.8,"PPO","No pheromone lure"
"B","Ppo","1",211,"VistaVerde","Pis","Yes",2,2,2018-05-23,2018-05-15,1,"PPO","No pheromone lure"
"B","Ppo","2",222,"VistaVerde","Pis","Yes",2,1,2018-05-23,2018-05-15,0.5,"PPO","No pheromone lure"
"B","Ppo","3",234,"VistaVerde","Pis","Yes",1,1,2018-05-23,2018-05-15,1,"PPO","No pheromone lure"
"B","Ppo","4",243,"VistaVerde","Pis","Yes",1,1,2018-05-23,2018-05-15,1,"PPO","No pheromone lure"
"B","Ppo","5",253,"VistaVerde","Pis","Yes",1,1,2018-05-23,2018-05-15,1,"PPO","No pheromone lure"
"B","Ppo","6",263,"VistaVerde","Pis","Yes",3,2,2018-05-23,2018-05-15,0.666666666666667,"PPO","No pheromone lure"
"B","Ppo","7",271,"VistaVerde","Pis","Yes",2,1,2018-05-23,2018-05-15,0.5,"PPO","No pheromone lure"
"B","Ppo","8",282,"VistaVerde","Pis","Yes",2,1,2018-05-23,2018-05-15,0.5,"PPO","No pheromone lure"
"B","Ppo","1",211,"VistaVerde","Pis","Yes",0,0,2018-05-31,2018-05-23,NA,"PPO","No pheromone lure"
"B","Ppo","2",222,"VistaVerde","Pis","Yes",0,0,2018-05-31,2018-05-23,NA,"PPO","No pheromone lure"
"B","Ppo","3",234,"VistaVerde","Pis","Yes",0,0,2018-05-31,2018-05-23,NA,"PPO","No pheromone lure"
"B","Ppo","4",243,"VistaVerde","Pis","Yes",0,0,2018-05-31,2018-05-23,NA,"PPO","No pheromone lure"
"B","Ppo","5",253,"VistaVerde","Pis","Yes",0,0,2018-05-31,2018-05-23,NA,"PPO","No pheromone lure"
"B","Ppo","6",263,"VistaVerde","Pis","Yes",0,0,2018-05-31,2018-05-23,NA,"PPO","No pheromone lure"
"B","Ppo","7",271,"VistaVerde","Pis","Yes",2,2,2018-05-31,2018-05-23,1,"PPO","No pheromone lure"
"B","Ppo","1",211,"VistaVerde","Pis","Yes",0,0,2018-06-12,2018-05-31,NA,"PPO","No pheromone lure"
"B","Ppo","2",222,"VistaVerde","Pis","Yes",0,0,2018-06-12,2018-05-31,NA,"PPO","No pheromone lure"
"B","Ppo","3",234,"VistaVerde","Pis","Yes",0,0,2018-06-12,2018-05-31,NA,"PPO","No pheromone lure"
"B","Ppo","4",243,"VistaVerde","Pis","Yes",0,0,2018-06-12,2018-05-31,NA,"PPO","No pheromone lure"
"B","Ppo","5",253,"VistaVerde","Pis","Yes",0,0,2018-06-12,2018-05-31,NA,"PPO","No pheromone lure"
"B","Ppo","6",263,"VistaVerde","Pis","Yes",0,0,2018-06-12,2018-05-31,NA,"PPO","No pheromone lure"
"B","Ppo","7",271,"VistaVerde","Pis","Yes",2,1,2018-06-12,2018-05-31,0.5,"PPO","No pheromone lure"
"B","Ppo","8",282,"VistaVerde","Pis","Yes",1,1,2018-06-12,2018-05-31,1,"PPO","No pheromone lure"
"C","PpoCombo","1",314,"Kettleman","Alm","No",69,63,2018-04-27,2018-04-10,0.91304347826087,"PPO","Pheromone lure"
"C","PpoCombo","2",321,"Kettleman","Alm","No",73,62,2018-04-27,2018-04-10,0.849315068493151,"PPO","Pheromone lure"
"C","PpoCombo","3",335,"Kettleman","Alm","No",68,62,2018-04-27,2018-04-10,0.911764705882353,"PPO","Pheromone lure"
"C","PpoCombo","4",345,"Kettleman","Alm","No",79,70,2018-04-27,2018-04-10,0.886075949367089,"PPO","Pheromone lure"
"C","PpoCombo","5",353,"Kettleman","Alm","No",68,66,2018-04-27,2018-04-10,0.970588235294118,"PPO","Pheromone lure"
"C","PpoCombo","6",363,"Kettleman","Alm","No",20,19,2018-04-27,2018-04-10,0.95,"PPO","Pheromone lure"
"C","PpoCombo","7",373,"Kettleman","Alm","No",41,41,2018-04-27,2018-04-10,1,"PPO","Pheromone lure"
"C","PpoCombo","8",383,"Kettleman","Alm","No",52,44,2018-04-27,2018-04-10,0.846153846153846,"PPO","Pheromone lure"
"C","PpoCombo","1",314,"Kettleman","Alm","No",73,68,2018-05-04,2018-04-27,0.931506849315068,"PPO","Pheromone lure"
"C","PpoCombo","2",321,"Kettleman","Alm","No",55,51,2018-05-04,2018-04-27,0.927272727272727,"PPO","Pheromone lure"
"C","PpoCombo","3",335,"Kettleman","Alm","No",70,61,2018-05-04,2018-04-27,0.871428571428571,"PPO","Pheromone lure"
"C","PpoCombo","4",345,"Kettleman","Alm","No",63,51,2018-05-04,2018-04-27,0.80952380952381,"PPO","Pheromone lure"
"C","PpoCombo","5",352,"Kettleman","Alm","No",86,71,2018-05-04,2018-04-27,0.825581395348837,"PPO","Pheromone lure"
"C","PpoCombo","6",362,"Kettleman","Alm","No",78,68,2018-05-04,2018-04-27,0.871794871794872,"PPO","Pheromone lure"
"C","PpoCombo","7",375,"Kettleman","Alm","No",50,43,2018-05-04,2018-04-27,0.86,"PPO","Pheromone lure"
"C","PpoCombo","8",384,"Kettleman","Alm","No",81,72,2018-05-04,2018-04-27,0.888888888888889,"PPO","Pheromone lure"
"C","PpoCombo","1",314,"Kettleman","Alm","No",79,70,2018-05-16,2018-05-04,0.886075949367089,"PPO","Pheromone lure"
"C","PpoCombo","2",321,"Kettleman","Alm","No",68,60,2018-05-16,2018-05-04,0.882352941176471,"PPO","Pheromone lure"
"C","PpoCombo","3",335,"Kettleman","Alm","No",104,82,2018-05-16,2018-05-04,0.788461538461538,"PPO","Pheromone lure"
"C","PpoCombo","4",345,"Kettleman","Alm","No",79,70,2018-05-16,2018-05-04,0.886075949367089,"PPO","Pheromone lure"
"C","PpoCombo","5",352,"Kettleman","Alm","No",81,74,2018-05-16,2018-05-04,0.91358024691358,"PPO","Pheromone lure"
"C","PpoCombo","6",362,"Kettleman","Alm","No",46,40,2018-05-16,2018-05-04,0.869565217391304,"PPO","Pheromone lure"
"C","PpoCombo","7",375,"Kettleman","Alm","No",79,70,2018-05-16,2018-05-04,0.886075949367089,"PPO","Pheromone lure"
"C","PpoCombo","8",384,"Kettleman","Alm","No",121,102,2018-05-16,2018-05-04,0.84297520661157,"PPO","Pheromone lure"
"C","PpoCombo","1",314,"Kettleman","Alm","No",31,17,2018-05-25,2018-05-16,0.548387096774194,"PPO","Pheromone lure"
"C","PpoCombo","2",321,"Kettleman","Alm","No",37,23,2018-05-25,2018-05-16,0.621621621621622,"PPO","Pheromone lure"
"C","PpoCombo","3",335,"Kettleman","Alm","No",46,23,2018-05-25,2018-05-16,0.5,"PPO","Pheromone lure"
"C","PpoCombo","4",345,"Kettleman","Alm","No",46,28,2018-05-25,2018-05-16,0.608695652173913,"PPO","Pheromone lure"
"C","PpoCombo","5",352,"Kettleman","Alm","No",21,17,2018-05-25,2018-05-16,0.80952380952381,"PPO","Pheromone lure"
"C","PpoCombo","6",362,"Kettleman","Alm","No",19,15,2018-05-25,2018-05-16,0.789473684210526,"PPO","Pheromone lure"
"C","PpoCombo","7",375,"Kettleman","Alm","No",32,21,2018-05-25,2018-05-16,0.65625,"PPO","Pheromone lure"
"C","PpoCombo","8",384,"Kettleman","Alm","No",69,47,2018-05-25,2018-05-16,0.681159420289855,"PPO","Pheromone lure"
"C","PpoCombo","1",314,"Kettleman","Alm","No",11,9,2018-05-29,2018-05-25,0.818181818181818,"PPO","Pheromone lure"
"C","PpoCombo","2",321,"Kettleman","Alm","No",4,3,2018-05-29,2018-05-25,0.75,"PPO","Pheromone lure"
"C","PpoCombo","3",335,"Kettleman","Alm","No",15,13,2018-05-29,2018-05-25,0.866666666666667,"PPO","Pheromone lure"
"C","PpoCombo","4",345,"Kettleman","Alm","No",10,7,2018-05-29,2018-05-25,0.7,"PPO","Pheromone lure"
"C","PpoCombo","5",352,"Kettleman","Alm","No",3,2,2018-05-29,2018-05-25,0.666666666666667,"PPO","Pheromone lure"
"C","PpoCombo","6",362,"Kettleman","Alm","No",5,3,2018-05-29,2018-05-25,0.6,"PPO","Pheromone lure"
"C","PpoCombo","7",375,"Kettleman","Alm","No",3,2,2018-05-29,2018-05-25,0.666666666666667,"PPO","Pheromone lure"
"C","PpoCombo","8",384,"Kettleman","Alm","No",13,9,2018-05-29,2018-05-25,0.692307692307692,"PPO","Pheromone lure"
"C","PpoCombo","1",413,"Kettleman","Pis","No",9,6,2018-04-13,2018-04-06,0.666666666666667,"PPO","Pheromone lure"
"C","PpoCombo","2",421,"Kettleman","Pis","No",15,15,2018-04-13,2018-04-06,1,"PPO","Pheromone lure"
"C","PpoCombo","3",433,"Kettleman","Pis","No",6,6,2018-04-13,2018-04-06,1,"PPO","Pheromone lure"
"C","PpoCombo","4",441,"Kettleman","Pis","No",14,14,2018-04-13,2018-04-06,1,"PPO","Pheromone lure"
"C","PpoCombo","5",454,"Kettleman","Pis","No",9,7,2018-04-13,2018-04-06,0.777777777777778,"PPO","Pheromone lure"
"C","PpoCombo","6",461,"Kettleman","Pis","No",16,14,2018-04-13,2018-04-06,0.875,"PPO","Pheromone lure"
"C","PpoCombo","7",473,"Kettleman","Pis","No",17,15,2018-04-13,2018-04-06,0.882352941176471,"PPO","Pheromone lure"
"C","PpoCombo","8",485,"Kettleman","Pis","No",25,23,2018-04-13,2018-04-06,0.92,"PPO","Pheromone lure"
"C","PpoCombo","1",413,"Kettleman","Pis","No",13,13,2018-04-27,2018-04-13,1,"PPO","Pheromone lure"
"C","PpoCombo","2",421,"Kettleman","Pis","No",24,24,2018-04-27,2018-04-13,1,"PPO","Pheromone lure"
"C","PpoCombo","3",433,"Kettleman","Pis","No",26,24,2018-04-27,2018-04-13,0.923076923076923,"PPO","Pheromone lure"
"C","PpoCombo","4",441,"Kettleman","Pis","No",15,13,2018-04-27,2018-04-13,0.866666666666667,"PPO","Pheromone lure"
"C","PpoCombo","5",454,"Kettleman","Pis","No",22,18,2018-04-27,2018-04-13,0.818181818181818,"PPO","Pheromone lure"
"C","PpoCombo","6",461,"Kettleman","Pis","No",27,27,2018-04-27,2018-04-13,1,"PPO","Pheromone lure"
"C","PpoCombo","7",473,"Kettleman","Pis","No",28,21,2018-04-27,2018-04-13,0.75,"PPO","Pheromone lure"
"C","PpoCombo","8",485,"Kettleman","Pis","No",40,34,2018-04-27,2018-04-13,0.85,"PPO","Pheromone lure"
"C","PpoCombo","1",413,"Kettleman","Pis","No",12,11,2018-05-07,2018-04-27,0.916666666666667,"PPO","Pheromone lure"
"C","PpoCombo","2",421,"Kettleman","Pis","No",14,13,2018-05-07,2018-04-27,0.928571428571429,"PPO","Pheromone lure"
"C","PpoCombo","3",433,"Kettleman","Pis","No",24,22,2018-05-07,2018-04-27,0.916666666666667,"PPO","Pheromone lure"
"C","PpoCombo","4",441,"Kettleman","Pis","No",14,14,2018-05-07,2018-04-27,1,"PPO","Pheromone lure"
"C","PpoCombo","5",454,"Kettleman","Pis","No",18,16,2018-05-07,2018-04-27,0.888888888888889,"PPO","Pheromone lure"
"C","PpoCombo","6",461,"Kettleman","Pis","No",16,16,2018-05-07,2018-04-27,1,"PPO","Pheromone lure"
"C","PpoCombo","7",473,"Kettleman","Pis","No",20,18,2018-05-07,2018-04-27,0.9,"PPO","Pheromone lure"
"C","PpoCombo","8",485,"Kettleman","Pis","No",24,22,2018-05-07,2018-04-27,0.916666666666667,"PPO","Pheromone lure"
"C","PpoCombo","1",413,"Kettleman","Pis","No",8,6,2018-05-17,2018-05-04,0.75,"PPO","Pheromone lure"
"C","PpoCombo","2",421,"Kettleman","Pis","No",4,2,2018-05-17,2018-05-04,0.5,"PPO","Pheromone lure"
"C","PpoCombo","3",433,"Kettleman","Pis","No",4,3,2018-05-17,2018-05-04,0.75,"PPO","Pheromone lure"
"C","PpoCombo","4",441,"Kettleman","Pis","No",16,13,2018-05-17,2018-05-04,0.8125,"PPO","Pheromone lure"
"C","PpoCombo","5",454,"Kettleman","Pis","No",14,12,2018-05-17,2018-05-04,0.857142857142857,"PPO","Pheromone lure"
"C","PpoCombo","6",461,"Kettleman","Pis","No",14,12,2018-05-17,2018-05-04,0.857142857142857,"PPO","Pheromone lure"
"C","PpoCombo","7",473,"Kettleman","Pis","No",13,11,2018-05-17,2018-05-04,0.846153846153846,"PPO","Pheromone lure"
"C","PpoCombo","8",485,"Kettleman","Pis","No",15,12,2018-05-17,2018-05-04,0.8,"PPO","Pheromone lure"
"C","PpoCombo","1",413,"Kettleman","Pis","No",6,5,2018-05-24,2018-05-17,0.833333333333333,"PPO","Pheromone lure"
"C","PpoCombo","2",421,"Kettleman","Pis","No",6,6,2018-05-24,2018-05-17,1,"PPO","Pheromone lure"
"C","PpoCombo","3",433,"Kettleman","Pis","No",5,4,2018-05-24,2018-05-17,0.8,"PPO","Pheromone lure"
"C","PpoCombo","4",441,"Kettleman","Pis","No",8,8,2018-05-24,2018-05-17,1,"PPO","Pheromone lure"
"C","PpoCombo","5",454,"Kettleman","Pis","No",7,7,2018-05-24,2018-05-17,1,"PPO","Pheromone lure"
"C","PpoCombo","6",461,"Kettleman","Pis","No",14,13,2018-05-24,2018-05-17,0.928571428571429,"PPO","Pheromone lure"
"C","PpoCombo","7",473,"Kettleman","Pis","No",16,14,2018-05-24,2018-05-17,0.875,"PPO","Pheromone lure"
"C","PpoCombo","8",485,"Kettleman","Pis","No",11,10,2018-05-24,2018-05-17,0.909090909090909,"PPO","Pheromone lure"
"C","PpoCombo","1",413,"Kettleman","Pis","No",5,5,2018-05-29,2018-05-24,1,"PPO","Pheromone lure"
"C","PpoCombo","2",421,"Kettleman","Pis","No",6,4,2018-05-29,2018-05-24,0.666666666666667,"PPO","Pheromone lure"
"C","PpoCombo","3",433,"Kettleman","Pis","No",8,7,2018-05-29,2018-05-24,0.875,"PPO","Pheromone lure"
"C","PpoCombo","4",441,"Kettleman","Pis","No",7,5,2018-05-29,2018-05-24,0.714285714285714,"PPO","Pheromone lure"
"C","PpoCombo","5",454,"Kettleman","Pis","No",7,6,2018-05-29,2018-05-24,0.857142857142857,"PPO","Pheromone lure"
"C","PpoCombo","6",461,"Kettleman","Pis","No",5,3,2018-05-29,2018-05-24,0.6,"PPO","Pheromone lure"
"C","PpoCombo","7",473,"Kettleman","Pis","No",6,4,2018-05-29,2018-05-24,0.666666666666667,"PPO","Pheromone lure"
"C","PpoCombo","8",485,"Kettleman","Pis","No",9,7,2018-05-29,2018-05-24,0.777777777777778,"PPO","Pheromone lure"
"C","PpoCombo","1",413,"Kettleman","Pis","No",9,7,2018-06-07,2018-05-29,0.777777777777778,"PPO","Pheromone lure"
"C","PpoCombo","2",421,"Kettleman","Pis","No",7,6,2018-06-07,2018-05-29,0.857142857142857,"PPO","Pheromone lure"
"C","PpoCombo","4",441,"Kettleman","Pis","No",13,9,2018-06-07,2018-05-29,0.692307692307692,"PPO","Pheromone lure"
"C","PpoCombo","5",454,"Kettleman","Pis","No",19,13,2018-06-07,2018-05-29,0.684210526315789,"PPO","Pheromone lure"
"C","PpoCombo","6",461,"Kettleman","Pis","No",16,8,2018-06-07,2018-05-29,0.5,"PPO","Pheromone lure"
"C","PpoCombo","7",473,"Kettleman","Pis","No",27,18,2018-06-07,2018-05-29,0.666666666666667,"PPO","Pheromone lure"
"C","PpoCombo","8",485,"Kettleman","Pis","No",25,17,2018-06-07,2018-05-29,0.68,"PPO","Pheromone lure"
"C","PpoCombo","1",214,"VistaVerde","Pis","Yes",36,34,2018-04-30,2018-04-09,0.944444444444444,"PPO","Pheromone lure"
"C","PpoCombo","2",225,"VistaVerde","Pis","Yes",31,29,2018-04-30,2018-04-09,0.935483870967742,"PPO","Pheromone lure"
"C","PpoCombo","3",231,"VistaVerde","Pis","Yes",18,16,2018-04-30,2018-04-09,0.888888888888889,"PPO","Pheromone lure"
"C","PpoCombo","4",244,"VistaVerde","Pis","Yes",32,24,2018-04-30,2018-04-09,0.75,"PPO","Pheromone lure"
"C","PpoCombo","5",251,"VistaVerde","Pis","Yes",13,8,2018-04-30,2018-04-09,0.615384615384615,"PPO","Pheromone lure"
"C","PpoCombo","6",264,"VistaVerde","Pis","Yes",39,36,2018-04-30,2018-04-09,0.923076923076923,"PPO","Pheromone lure"
"C","PpoCombo","7",273,"VistaVerde","Pis","Yes",29,22,2018-04-30,2018-04-09,0.758620689655172,"PPO","Pheromone lure"
"C","PpoCombo","1",214,"VistaVerde","Pis","Yes",44,39,2018-05-08,2018-04-30,0.886363636363636,"PPO","Pheromone lure"
"C","PpoCombo","2",225,"VistaVerde","Pis","Yes",37,30,2018-05-08,2018-04-30,0.810810810810811,"PPO","Pheromone lure"
"C","PpoCombo","3",231,"VistaVerde","Pis","Yes",23,19,2018-05-08,2018-04-30,0.826086956521739,"PPO","Pheromone lure"
"C","PpoCombo","4",244,"VistaVerde","Pis","Yes",37,31,2018-05-08,2018-04-30,0.837837837837838,"PPO","Pheromone lure"
"C","PpoCombo","5",251,"VistaVerde","Pis","Yes",0,0,2018-05-08,2018-04-30,NA,"PPO","Pheromone lure"
"C","PpoCombo","6",264,"VistaVerde","Pis","Yes",40,30,2018-05-08,2018-04-30,0.75,"PPO","Pheromone lure"
"C","PpoCombo","7",273,"VistaVerde","Pis","Yes",5,5,2018-05-08,2018-04-30,1,"PPO","Pheromone lure"
"C","PpoCombo","1",214,"VistaVerde","Pis","Yes",21,18,2018-05-15,2018-05-08,0.857142857142857,"PPO","Pheromone lure"
"C","PpoCombo","2",225,"VistaVerde","Pis","Yes",15,11,2018-05-15,2018-05-08,0.733333333333333,"PPO","Pheromone lure"
"C","PpoCombo","3",231,"VistaVerde","Pis","Yes",17,14,2018-05-15,2018-05-08,0.823529411764706,"PPO","Pheromone lure"
"C","PpoCombo","4",244,"VistaVerde","Pis","Yes",18,13,2018-05-15,2018-05-08,0.722222222222222,"PPO","Pheromone lure"
"C","PpoCombo","5",251,"VistaVerde","Pis","Yes",10,5,2018-05-15,2018-05-08,0.5,"PPO","Pheromone lure"
"C","PpoCombo","6",264,"VistaVerde","Pis","Yes",12,10,2018-05-15,2018-05-08,0.833333333333333,"PPO","Pheromone lure"
"C","PpoCombo","7",273,"VistaVerde","Pis","Yes",3,2,2018-05-15,2018-05-08,0.666666666666667,"PPO","Pheromone lure"
"C","PpoCombo","8",284,"VistaVerde","Pis","Yes",14,9,2018-05-15,2018-05-08,0.642857142857143,"PPO","Pheromone lure"
"C","PpoCombo","1",214,"VistaVerde","Pis","Yes",5,5,2018-05-23,2018-05-15,1,"PPO","Pheromone lure"
"C","PpoCombo","2",225,"VistaVerde","Pis","Yes",3,2,2018-05-23,2018-05-15,0.666666666666667,"PPO","Pheromone lure"
"C","PpoCombo","3",231,"VistaVerde","Pis","Yes",4,4,2018-05-23,2018-05-15,1,"PPO","Pheromone lure"
"C","PpoCombo","4",244,"VistaVerde","Pis","Yes",5,4,2018-05-23,2018-05-15,0.8,"PPO","Pheromone lure"
"C","PpoCombo","5",251,"VistaVerde","Pis","Yes",5,3,2018-05-23,2018-05-15,0.6,"PPO","Pheromone lure"
"C","PpoCombo","6",264,"VistaVerde","Pis","Yes",6,4,2018-05-23,2018-05-15,0.666666666666667,"PPO","Pheromone lure"
"C","PpoCombo","7",273,"VistaVerde","Pis","Yes",0,0,2018-05-23,2018-05-15,NA,"PPO","Pheromone lure"
"C","PpoCombo","8",284,"VistaVerde","Pis","Yes",3,2,2018-05-23,2018-05-15,0.666666666666667,"PPO","Pheromone lure"
"C","PpoCombo","2",225,"VistaVerde","Pis","Yes",0,0,2018-05-31,2018-05-23,NA,"PPO","Pheromone lure"
"C","PpoCombo","3",231,"VistaVerde","Pis","Yes",0,0,2018-05-31,2018-05-23,NA,"PPO","Pheromone lure"
"C","PpoCombo","4",244,"VistaVerde","Pis","Yes",2,2,2018-05-31,2018-05-23,1,"PPO","Pheromone lure"
"C","PpoCombo","6",264,"VistaVerde","Pis","Yes",0,0,2018-05-31,2018-05-23,NA,"PPO","Pheromone lure"
"C","PpoCombo","7",273,"VistaVerde","Pis","Yes",0,0,2018-05-31,2018-05-23,NA,"PPO","Pheromone lure"
"C","PpoCombo","8",284,"VistaVerde","Pis","Yes",0,0,2018-05-31,2018-05-23,NA,"PPO","Pheromone lure"
"C","PpoCombo","1",214,"VistaVerde","Pis","Yes",5,3,2018-06-12,2018-05-31,0.6,"PPO","Pheromone lure"
"C","PpoCombo","2",225,"VistaVerde","Pis","Yes",3,3,2018-06-12,2018-05-31,1,"PPO","Pheromone lure"
"C","PpoCombo","3",231,"VistaVerde","Pis","Yes",0,0,2018-06-12,2018-05-31,NA,"PPO","Pheromone lure"
"C","PpoCombo","4",244,"VistaVerde","Pis","Yes",4,3,2018-06-12,2018-05-31,0.75,"PPO","Pheromone lure"
"C","PpoCombo","5",251,"VistaVerde","Pis","Yes",3,2,2018-06-12,2018-05-31,0.666666666666667,"PPO","Pheromone lure"
"C","PpoCombo","6",264,"VistaVerde","Pis","Yes",2,2,2018-06-12,2018-05-31,1,"PPO","Pheromone lure"
"C","PpoCombo","7",273,"VistaVerde","Pis","Yes",0,0,2018-06-12,2018-05-31,NA,"PPO","Pheromone lure"
"C","PpoCombo","8",284,"VistaVerde","Pis","Yes",5,2,2018-06-12,2018-05-31,0.4,"PPO","Pheromone lure"
"D","StopNow","1",313,"Kettleman","Alm","No",45,41,2018-04-27,2018-04-10,0.911111111111111,"Kairomone","No pheromone lure"
"D","StopNow","3",332,"Kettleman","Alm","No",38,32,2018-04-27,2018-04-10,0.842105263157895,"Kairomone","No pheromone lure"
"D","StopNow","4",342,"Kettleman","Alm","No",22,22,2018-04-27,2018-04-10,1,"Kairomone","No pheromone lure"
"D","StopNow","5",352,"Kettleman","Alm","No",65,61,2018-04-27,2018-04-10,0.938461538461538,"Kairomone","No pheromone lure"
"D","StopNow","6",362,"Kettleman","Alm","No",78,69,2018-04-27,2018-04-10,0.884615384615385,"Kairomone","No pheromone lure"
"D","StopNow","7",372,"Kettleman","Alm","No",11,11,2018-04-27,2018-04-10,1,"Kairomone","No pheromone lure"
"D","StopNow","8",382,"Kettleman","Alm","No",40,38,2018-04-27,2018-04-10,0.95,"Kairomone","No pheromone lure"
"D","StopNow","1",313,"Kettleman","Alm","No",38,32,2018-05-04,2018-04-27,0.842105263157895,"Kairomone","No pheromone lure"
"D","StopNow","3",332,"Kettleman","Alm","No",41,38,2018-05-04,2018-04-27,0.926829268292683,"Kairomone","No pheromone lure"
"D","StopNow","4",342,"Kettleman","Alm","No",47,40,2018-05-04,2018-04-27,0.851063829787234,"Kairomone","No pheromone lure"
"D","StopNow","5",354,"Kettleman","Alm","No",14,13,2018-05-04,2018-04-27,0.928571428571429,"Kairomone","No pheromone lure"
"D","StopNow","6",364,"Kettleman","Alm","No",45,45,2018-05-04,2018-04-27,1,"Kairomone","No pheromone lure"
"D","StopNow","7",371,"Kettleman","Alm","No",28,27,2018-05-04,2018-04-27,0.964285714285714,"Kairomone","No pheromone lure"
"D","StopNow","8",382,"Kettleman","Alm","No",44,40,2018-05-04,2018-04-27,0.909090909090909,"Kairomone","No pheromone lure"
"D","StopNow","1",313,"Kettleman","Alm","No",53,49,2018-05-16,2018-05-04,0.924528301886792,"Kairomone","No pheromone lure"
"D","StopNow","2",322,"Kettleman","Alm","No",21,19,2018-05-16,2018-05-04,0.904761904761905,"Kairomone","No pheromone lure"
"D","StopNow","3",332,"Kettleman","Alm","No",42,37,2018-05-16,2018-05-04,0.880952380952381,"Kairomone","No pheromone lure"
"D","StopNow","4",342,"Kettleman","Alm","No",47,43,2018-05-16,2018-05-04,0.914893617021277,"Kairomone","No pheromone lure"
"D","StopNow","5",354,"Kettleman","Alm","No",11,11,2018-05-16,2018-05-04,1,"Kairomone","No pheromone lure"
"D","StopNow","6",364,"Kettleman","Alm","No",46,38,2018-05-16,2018-05-04,0.826086956521739,"Kairomone","No pheromone lure"
"D","StopNow","7",371,"Kettleman","Alm","No",26,25,2018-05-16,2018-05-04,0.961538461538462,"Kairomone","No pheromone lure"
"D","StopNow","8",382,"Kettleman","Alm","No",27,25,2018-05-16,2018-05-04,0.925925925925926,"Kairomone","No pheromone lure"
"D","StopNow","1",313,"Kettleman","Alm","No",16,12,2018-05-25,2018-05-16,0.75,"Kairomone","No pheromone lure"
"D","StopNow","2",322,"Kettleman","Alm","No",13,8,2018-05-25,2018-05-16,0.615384615384615,"Kairomone","No pheromone lure"
"D","StopNow","3",332,"Kettleman","Alm","No",12,8,2018-05-25,2018-05-16,0.666666666666667,"Kairomone","No pheromone lure"
"D","StopNow","4",342,"Kettleman","Alm","No",16,9,2018-05-25,2018-05-16,0.5625,"Kairomone","No pheromone lure"
"D","StopNow","5",354,"Kettleman","Alm","No",6,4,2018-05-25,2018-05-16,0.666666666666667,"Kairomone","No pheromone lure"
"D","StopNow","6",364,"Kettleman","Alm","No",14,8,2018-05-25,2018-05-16,0.571428571428571,"Kairomone","No pheromone lure"
"D","StopNow","7",371,"Kettleman","Alm","No",9,5,2018-05-25,2018-05-16,0.555555555555556,"Kairomone","No pheromone lure"
"D","StopNow","8",382,"Kettleman","Alm","No",6,4,2018-05-25,2018-05-16,0.666666666666667,"Kairomone","No pheromone lure"
"D","StopNow","1",313,"Kettleman","Alm","No",2,2,2018-05-29,2018-05-25,1,"Kairomone","No pheromone lure"
"D","StopNow","2",322,"Kettleman","Alm","No",3,3,2018-05-29,2018-05-25,1,"Kairomone","No pheromone lure"
"D","StopNow","3",332,"Kettleman","Alm","No",1,1,2018-05-29,2018-05-25,1,"Kairomone","No pheromone lure"
"D","StopNow","4",342,"Kettleman","Alm","No",3,2,2018-05-29,2018-05-25,0.666666666666667,"Kairomone","No pheromone lure"
"D","StopNow","5",354,"Kettleman","Alm","No",0,0,2018-05-29,2018-05-25,NA,"Kairomone","No pheromone lure"
"D","StopNow","6",364,"Kettleman","Alm","No",1,1,2018-05-29,2018-05-25,1,"Kairomone","No pheromone lure"
"D","StopNow","7",371,"Kettleman","Alm","No",5,4,2018-05-29,2018-05-25,0.8,"Kairomone","No pheromone lure"
"D","StopNow","8",382,"Kettleman","Alm","No",2,1,2018-05-29,2018-05-25,0.5,"Kairomone","No pheromone lure"
"D","StopNow","1",414,"Kettleman","Pis","No",2,2,2018-04-13,2018-04-06,1,"Kairomone","No pheromone lure"
"D","StopNow","2",423,"Kettleman","Pis","No",0,0,2018-04-13,2018-04-06,NA,"Kairomone","No pheromone lure"
"D","StopNow","3",435,"Kettleman","Pis","No",0,0,2018-04-13,2018-04-06,NA,"Kairomone","No pheromone lure"
"D","StopNow","4",442,"Kettleman","Pis","No",0,0,2018-04-13,2018-04-06,NA,"Kairomone","No pheromone lure"
"D","StopNow","5",451,"Kettleman","Pis","No",5,5,2018-04-13,2018-04-06,1,"Kairomone","No pheromone lure"
"D","StopNow","6",465,"Kettleman","Pis","No",1,1,2018-04-13,2018-04-06,1,"Kairomone","No pheromone lure"
"D","StopNow","7",471,"Kettleman","Pis","No",3,3,2018-04-13,2018-04-06,1,"Kairomone","No pheromone lure"
"D","StopNow","8",484,"Kettleman","Pis","No",1,1,2018-04-13,2018-04-06,1,"Kairomone","No pheromone lure"
"D","StopNow","1",414,"Kettleman","Pis","No",3,3,2018-04-27,2018-04-13,1,"Kairomone","No pheromone lure"
"D","StopNow","2",423,"Kettleman","Pis","No",5,5,2018-04-27,2018-04-13,1,"Kairomone","No pheromone lure"
"D","StopNow","3",435,"Kettleman","Pis","No",19,18,2018-04-27,2018-04-13,0.947368421052632,"Kairomone","No pheromone lure"
"D","StopNow","4",442,"Kettleman","Pis","No",10,10,2018-04-27,2018-04-13,1,"Kairomone","No pheromone lure"
"D","StopNow","5",451,"Kettleman","Pis","No",13,9,2018-04-27,2018-04-13,0.692307692307692,"Kairomone","No pheromone lure"
"D","StopNow","6",465,"Kettleman","Pis","No",9,9,2018-04-27,2018-04-13,1,"Kairomone","No pheromone lure"
"D","StopNow","7",471,"Kettleman","Pis","No",11,9,2018-04-27,2018-04-13,0.818181818181818,"Kairomone","No pheromone lure"
"D","StopNow","8",484,"Kettleman","Pis","No",28,24,2018-04-27,2018-04-13,0.857142857142857,"Kairomone","No pheromone lure"
"D","StopNow","2",423,"Kettleman","Pis","No",3,3,2018-05-07,2018-04-27,1,"Kairomone","No pheromone lure"
"D","StopNow","3",435,"Kettleman","Pis","No",5,5,2018-05-07,2018-04-27,1,"Kairomone","No pheromone lure"
"D","StopNow","4",442,"Kettleman","Pis","No",14,13,2018-05-07,2018-04-27,0.928571428571429,"Kairomone","No pheromone lure"
"D","StopNow","5",451,"Kettleman","Pis","No",2,1,2018-05-07,2018-04-27,0.5,"Kairomone","No pheromone lure"
"D","StopNow","6",465,"Kettleman","Pis","No",9,9,2018-05-07,2018-04-27,1,"Kairomone","No pheromone lure"
"D","StopNow","7",471,"Kettleman","Pis","No",7,6,2018-05-07,2018-04-27,0.857142857142857,"Kairomone","No pheromone lure"
"D","StopNow","8",484,"Kettleman","Pis","No",9,6,2018-05-07,2018-04-27,0.666666666666667,"Kairomone","No pheromone lure"
"D","StopNow","1",414,"Kettleman","Pis","No",3,3,2018-05-17,2018-05-04,1,"Kairomone","No pheromone lure"
"D","StopNow","2",423,"Kettleman","Pis","No",2,2,2018-05-17,2018-05-04,1,"Kairomone","No pheromone lure"
"D","StopNow","3",435,"Kettleman","Pis","No",3,1,2018-05-17,2018-05-04,0.333333333333333,"Kairomone","No pheromone lure"
"D","StopNow","4",442,"Kettleman","Pis","No",1,1,2018-05-17,2018-05-04,1,"Kairomone","No pheromone lure"
"D","StopNow","5",451,"Kettleman","Pis","No",3,3,2018-05-17,2018-05-04,1,"Kairomone","No pheromone lure"
"D","StopNow","6",465,"Kettleman","Pis","No",7,6,2018-05-17,2018-05-04,0.857142857142857,"Kairomone","No pheromone lure"
"D","StopNow","7",471,"Kettleman","Pis","No",5,4,2018-05-17,2018-05-04,0.8,"Kairomone","No pheromone lure"
"D","StopNow","8",484,"Kettleman","Pis","No",4,4,2018-05-17,2018-05-04,1,"Kairomone","No pheromone lure"
"D","StopNow","1",414,"Kettleman","Pis","No",0,0,2018-05-24,2018-05-17,NA,"Kairomone","No pheromone lure"
"D","StopNow","2",423,"Kettleman","Pis","No",0,0,2018-05-24,2018-05-17,NA,"Kairomone","No pheromone lure"
"D","StopNow","3",435,"Kettleman","Pis","No",2,2,2018-05-24,2018-05-17,1,"Kairomone","No pheromone lure"
"D","StopNow","4",442,"Kettleman","Pis","No",2,2,2018-05-24,2018-05-17,1,"Kairomone","No pheromone lure"
"D","StopNow","5",451,"Kettleman","Pis","No",0,0,2018-05-24,2018-05-17,NA,"Kairomone","No pheromone lure"
"D","StopNow","6",465,"Kettleman","Pis","No",1,1,2018-05-24,2018-05-17,1,"Kairomone","No pheromone lure"
"D","StopNow","7",471,"Kettleman","Pis","No",0,0,2018-05-24,2018-05-17,NA,"Kairomone","No pheromone lure"
"D","StopNow","8",484,"Kettleman","Pis","No",0,0,2018-05-24,2018-05-17,NA,"Kairomone","No pheromone lure"
"D","StopNow","1",414,"Kettleman","Pis","No",0,0,2018-05-29,2018-05-24,NA,"Kairomone","No pheromone lure"
"D","StopNow","2",423,"Kettleman","Pis","No",0,0,2018-05-29,2018-05-24,NA,"Kairomone","No pheromone lure"
"D","StopNow","3",435,"Kettleman","Pis","No",1,1,2018-05-29,2018-05-24,1,"Kairomone","No pheromone lure"
"D","StopNow","4",442,"Kettleman","Pis","No",0,0,2018-05-29,2018-05-24,NA,"Kairomone","No pheromone lure"
"D","StopNow","5",451,"Kettleman","Pis","No",0,0,2018-05-29,2018-05-24,NA,"Kairomone","No pheromone lure"
"D","StopNow","6",465,"Kettleman","Pis","No",0,0,2018-05-29,2018-05-24,NA,"Kairomone","No pheromone lure"
"D","StopNow","7",471,"Kettleman","Pis","No",0,0,2018-05-29,2018-05-24,NA,"Kairomone","No pheromone lure"
"D","StopNow","8",484,"Kettleman","Pis","No",3,3,2018-05-29,2018-05-24,1,"Kairomone","No pheromone lure"
"D","StopNow","1",414,"Kettleman","Pis","No",1,0,2018-06-07,2018-05-29,0,"Kairomone","No pheromone lure"
"D","StopNow","2",423,"Kettleman","Pis","No",1,1,2018-06-07,2018-05-29,1,"Kairomone","No pheromone lure"
"D","StopNow","3",435,"Kettleman","Pis","No",2,1,2018-06-07,2018-05-29,0.5,"Kairomone","No pheromone lure"
"D","StopNow","4",442,"Kettleman","Pis","No",4,2,2018-06-07,2018-05-29,0.5,"Kairomone","No pheromone lure"
"D","StopNow","5",451,"Kettleman","Pis","No",1,1,2018-06-07,2018-05-29,1,"Kairomone","No pheromone lure"
"D","StopNow","6",465,"Kettleman","Pis","No",8,5,2018-06-07,2018-05-29,0.625,"Kairomone","No pheromone lure"
"D","StopNow","7",471,"Kettleman","Pis","No",2,2,2018-06-07,2018-05-29,1,"Kairomone","No pheromone lure"
"D","StopNow","8",484,"Kettleman","Pis","No",10,4,2018-06-07,2018-05-29,0.4,"Kairomone","No pheromone lure"
"D","StopNow","1",213,"VistaVerde","Pis","Yes",8,7,2018-04-30,2018-04-09,0.875,"Kairomone","No pheromone lure"
"D","StopNow","2",223,"VistaVerde","Pis","Yes",4,4,2018-04-30,2018-04-09,1,"Kairomone","No pheromone lure"
"D","StopNow","4",242,"VistaVerde","Pis","Yes",21,19,2018-04-30,2018-04-09,0.904761904761905,"Kairomone","No pheromone lure"
"D","StopNow","5",254,"VistaVerde","Pis","Yes",22,16,2018-04-30,2018-04-09,0.727272727272727,"Kairomone","No pheromone lure"
"D","StopNow","6",265,"VistaVerde","Pis","Yes",9,9,2018-04-30,2018-04-09,1,"Kairomone","No pheromone lure"
"D","StopNow","7",275,"VistaVerde","Pis","Yes",19,11,2018-04-30,2018-04-09,0.578947368421053,"Kairomone","No pheromone lure"
"D","StopNow","1",213,"VistaVerde","Pis","Yes",10,9,2018-05-08,2018-04-30,0.9,"Kairomone","No pheromone lure"
"D","StopNow","2",223,"VistaVerde","Pis","Yes",14,14,2018-05-08,2018-04-30,1,"Kairomone","No pheromone lure"
"D","StopNow","4",242,"VistaVerde","Pis","Yes",9,9,2018-05-08,2018-04-30,1,"Kairomone","No pheromone lure"
"D","StopNow","5",254,"VistaVerde","Pis","Yes",5,5,2018-05-08,2018-04-30,1,"Kairomone","No pheromone lure"
"D","StopNow","6",265,"VistaVerde","Pis","Yes",14,14,2018-05-08,2018-04-30,1,"Kairomone","No pheromone lure"
"D","StopNow","7",275,"VistaVerde","Pis","Yes",8,8,2018-05-08,2018-04-30,1,"Kairomone","No pheromone lure"
"D","StopNow","1",213,"VistaVerde","Pis","Yes",5,5,2018-05-15,2018-05-08,1,"Kairomone","No pheromone lure"
"D","StopNow","2",223,"VistaVerde","Pis","Yes",4,2,2018-05-15,2018-05-08,0.5,"Kairomone","No pheromone lure"
"D","StopNow","4",242,"VistaVerde","Pis","Yes",6,4,2018-05-15,2018-05-08,0.666666666666667,"Kairomone","No pheromone lure"
"D","StopNow","5",254,"VistaVerde","Pis","Yes",4,2,2018-05-15,2018-05-08,0.5,"Kairomone","No pheromone lure"
"D","StopNow","6",265,"VistaVerde","Pis","Yes",4,2,2018-05-15,2018-05-08,0.5,"Kairomone","No pheromone lure"
"D","StopNow","7",275,"VistaVerde","Pis","Yes",5,1,2018-05-15,2018-05-08,0.2,"Kairomone","No pheromone lure"
"D","StopNow","1",213,"VistaVerde","Pis","Yes",1,1,2018-05-23,2018-05-15,1,"Kairomone","No pheromone lure"
"D","StopNow","2",223,"VistaVerde","Pis","Yes",2,1,2018-05-23,2018-05-15,0.5,"Kairomone","No pheromone lure"
"D","StopNow","3",233,"VistaVerde","Pis","Yes",1,1,2018-05-23,2018-05-15,1,"Kairomone","No pheromone lure"
"D","StopNow","4",242,"VistaVerde","Pis","Yes",0,0,2018-05-23,2018-05-15,NA,"Kairomone","No pheromone lure"
"D","StopNow","5",254,"VistaVerde","Pis","Yes",1,1,2018-05-23,2018-05-15,1,"Kairomone","No pheromone lure"
"D","StopNow","6",265,"VistaVerde","Pis","Yes",0,0,2018-05-23,2018-05-15,NA,"Kairomone","No pheromone lure"
"D","StopNow","7",275,"VistaVerde","Pis","Yes",0,0,2018-05-23,2018-05-15,NA,"Kairomone","No pheromone lure"
"D","StopNow","8",283,"VistaVerde","Pis","Yes",3,3,2018-05-23,2018-05-15,1,"Kairomone","No pheromone lure"
"D","StopNow","1",213,"VistaVerde","Pis","Yes",0,0,2018-05-31,2018-05-23,NA,"Kairomone","No pheromone lure"
"D","StopNow","2",223,"VistaVerde","Pis","Yes",0,0,2018-05-31,2018-05-23,NA,"Kairomone","No pheromone lure"
"D","StopNow","3",233,"VistaVerde","Pis","Yes",0,0,2018-05-31,2018-05-23,NA,"Kairomone","No pheromone lure"
"D","StopNow","4",242,"VistaVerde","Pis","Yes",0,0,2018-05-31,2018-05-23,NA,"Kairomone","No pheromone lure"
"D","StopNow","5",254,"VistaVerde","Pis","Yes",0,0,2018-05-31,2018-05-23,NA,"Kairomone","No pheromone lure"
"D","StopNow","6",265,"VistaVerde","Pis","Yes",0,0,2018-05-31,2018-05-23,NA,"Kairomone","No pheromone lure"
"D","StopNow","7",275,"VistaVerde","Pis","Yes",0,0,2018-05-31,2018-05-23,NA,"Kairomone","No pheromone lure"
"D","StopNow","8",283,"VistaVerde","Pis","Yes",0,0,2018-05-31,2018-05-23,NA,"Kairomone","No pheromone lure"
"D","StopNow","1",213,"VistaVerde","Pis","Yes",1,0,2018-06-12,2018-05-31,0,"Kairomone","No pheromone lure"
"D","StopNow","2",223,"VistaVerde","Pis","Yes",0,0,2018-06-12,2018-05-31,NA,"Kairomone","No pheromone lure"
"D","StopNow","3",233,"VistaVerde","Pis","Yes",1,0,2018-06-12,2018-05-31,0,"Kairomone","No pheromone lure"
"D","StopNow","4",242,"VistaVerde","Pis","Yes",0,0,2018-06-12,2018-05-31,NA,"Kairomone","No pheromone lure"
"D","StopNow","5",254,"VistaVerde","Pis","Yes",0,0,2018-06-12,2018-05-31,NA,"Kairomone","No pheromone lure"
"D","StopNow","6",265,"VistaVerde","Pis","Yes",0,0,2018-06-12,2018-05-31,NA,"Kairomone","No pheromone lure"
"D","StopNow","7",275,"VistaVerde","Pis","Yes",0,0,2018-06-12,2018-05-31,NA,"Kairomone","No pheromone lure"
"D","StopNow","8",283,"VistaVerde","Pis","Yes",1,0,2018-06-12,2018-05-31,0,"Kairomone","No pheromone lure"
"E","StopNowCombo","1",315,"Kettleman","Alm","No",92,88,2018-04-27,2018-04-10,0.956521739130435,"Kairomone","Pheromone lure"
"E","StopNowCombo","2",325,"Kettleman","Alm","No",69,67,2018-04-27,2018-04-10,0.971014492753623,"Kairomone","Pheromone lure"
"E","StopNowCombo","3",334,"Kettleman","Alm","No",55,53,2018-04-27,2018-04-10,0.963636363636364,"Kairomone","Pheromone lure"
"E","StopNowCombo","4",343,"Kettleman","Alm","No",88,77,2018-04-27,2018-04-10,0.875,"Kairomone","Pheromone lure"
"E","StopNowCombo","5",351,"Kettleman","Alm","No",85,85,2018-04-27,2018-04-10,1,"Kairomone","Pheromone lure"
"E","StopNowCombo","6",361,"Kettleman","Alm","No",67,60,2018-04-27,2018-04-10,0.895522388059702,"Kairomone","Pheromone lure"
"E","StopNowCombo","7",371,"Kettleman","Alm","No",30,28,2018-04-27,2018-04-10,0.933333333333333,"Kairomone","Pheromone lure"
"E","StopNowCombo","8",381,"Kettleman","Alm","No",17,15,2018-04-27,2018-04-10,0.882352941176471,"Kairomone","Pheromone lure"
"E","StopNowCombo","1",315,"Kettleman","Alm","No",52,50,2018-05-04,2018-04-27,0.961538461538462,"Kairomone","Pheromone lure"
"E","StopNowCombo","2",325,"Kettleman","Alm","No",71,64,2018-05-04,2018-04-27,0.901408450704225,"Kairomone","Pheromone lure"
"E","StopNowCombo","3",334,"Kettleman","Alm","No",64,60,2018-05-04,2018-04-27,0.9375,"Kairomone","Pheromone lure"
"E","StopNowCombo","4",343,"Kettleman","Alm","No",60,58,2018-05-04,2018-04-27,0.966666666666667,"Kairomone","Pheromone lure"
"E","StopNowCombo","5",353,"Kettleman","Alm","No",61,54,2018-05-04,2018-04-27,0.885245901639344,"Kairomone","Pheromone lure"
"E","StopNowCombo","6",361,"Kettleman","Alm","No",40,37,2018-05-04,2018-04-27,0.925,"Kairomone","Pheromone lure"
"E","StopNowCombo","7",374,"Kettleman","Alm","No",46,41,2018-05-04,2018-04-27,0.891304347826087,"Kairomone","Pheromone lure"
"E","StopNowCombo","8",383,"Kettleman","Alm","No",74,68,2018-05-04,2018-04-27,0.918918918918919,"Kairomone","Pheromone lure"
"E","StopNowCombo","1",315,"Kettleman","Alm","No",81,72,2018-05-16,2018-05-04,0.888888888888889,"Kairomone","Pheromone lure"
"E","StopNowCombo","2",325,"Kettleman","Alm","No",80,67,2018-05-16,2018-05-04,0.8375,"Kairomone","Pheromone lure"
"E","StopNowCombo","3",334,"Kettleman","Alm","No",54,50,2018-05-16,2018-05-04,0.925925925925926,"Kairomone","Pheromone lure"
"E","StopNowCombo","4",343,"Kettleman","Alm","No",66,60,2018-05-16,2018-05-04,0.909090909090909,"Kairomone","Pheromone lure"
"E","StopNowCombo","5",353,"Kettleman","Alm","No",68,62,2018-05-16,2018-05-04,0.911764705882353,"Kairomone","Pheromone lure"
"E","StopNowCombo","6",361,"Kettleman","Alm","No",61,56,2018-05-16,2018-05-04,0.918032786885246,"Kairomone","Pheromone lure"
"E","StopNowCombo","7",374,"Kettleman","Alm","No",55,50,2018-05-16,2018-05-04,0.909090909090909,"Kairomone","Pheromone lure"
"E","StopNowCombo","8",383,"Kettleman","Alm","No",96,89,2018-05-16,2018-05-04,0.927083333333333,"Kairomone","Pheromone lure"
"E","StopNowCombo","1",315,"Kettleman","Alm","No",15,9,2018-05-25,2018-05-16,0.6,"Kairomone","Pheromone lure"
"E","StopNowCombo","2",325,"Kettleman","Alm","No",34,21,2018-05-25,2018-05-16,0.617647058823529,"Kairomone","Pheromone lure"
"E","StopNowCombo","3",334,"Kettleman","Alm","No",20,14,2018-05-25,2018-05-16,0.7,"Kairomone","Pheromone lure"
"E","StopNowCombo","4",343,"Kettleman","Alm","No",32,21,2018-05-25,2018-05-16,0.65625,"Kairomone","Pheromone lure"
"E","StopNowCombo","5",353,"Kettleman","Alm","No",25,15,2018-05-25,2018-05-16,0.6,"Kairomone","Pheromone lure"
"E","StopNowCombo","6",361,"Kettleman","Alm","No",32,25,2018-05-25,2018-05-16,0.78125,"Kairomone","Pheromone lure"
"E","StopNowCombo","7",374,"Kettleman","Alm","No",14,11,2018-05-25,2018-05-16,0.785714285714286,"Kairomone","Pheromone lure"
"E","StopNowCombo","8",383,"Kettleman","Alm","No",37,22,2018-05-25,2018-05-16,0.594594594594595,"Kairomone","Pheromone lure"
"E","StopNowCombo","1",315,"Kettleman","Alm","No",11,7,2018-05-29,2018-05-25,0.636363636363636,"Kairomone","Pheromone lure"
"E","StopNowCombo","2",325,"Kettleman","Alm","No",6,5,2018-05-29,2018-05-25,0.833333333333333,"Kairomone","Pheromone lure"
"E","StopNowCombo","3",334,"Kettleman","Alm","No",12,9,2018-05-29,2018-05-25,0.75,"Kairomone","Pheromone lure"
"E","StopNowCombo","4",343,"Kettleman","Alm","No",5,4,2018-05-29,2018-05-25,0.8,"Kairomone","Pheromone lure"
"E","StopNowCombo","5",353,"Kettleman","Alm","No",4,4,2018-05-29,2018-05-25,1,"Kairomone","Pheromone lure"
"E","StopNowCombo","6",361,"Kettleman","Alm","No",9,6,2018-05-29,2018-05-25,0.666666666666667,"Kairomone","Pheromone lure"
"E","StopNowCombo","7",374,"Kettleman","Alm","No",6,4,2018-05-29,2018-05-25,0.666666666666667,"Kairomone","Pheromone lure"
"E","StopNowCombo","8",383,"Kettleman","Alm","No",5,3,2018-05-29,2018-05-25,0.6,"Kairomone","Pheromone lure"
"E","StopNowCombo","1",411,"Kettleman","Pis","No",8,8,2018-04-13,2018-04-06,1,"Kairomone","Pheromone lure"
"E","StopNowCombo","2",422,"Kettleman","Pis","No",9,9,2018-04-13,2018-04-06,1,"Kairomone","Pheromone lure"
"E","StopNowCombo","3",432,"Kettleman","Pis","No",3,3,2018-04-13,2018-04-06,1,"Kairomone","Pheromone lure"
"E","StopNowCombo","4",443,"Kettleman","Pis","No",5,5,2018-04-13,2018-04-06,1,"Kairomone","Pheromone lure"
"E","StopNowCombo","5",453,"Kettleman","Pis","No",5,5,2018-04-13,2018-04-06,1,"Kairomone","Pheromone lure"
"E","StopNowCombo","6",463,"Kettleman","Pis","No",6,6,2018-04-13,2018-04-06,1,"Kairomone","Pheromone lure"
"E","StopNowCombo","7",472,"Kettleman","Pis","No",8,8,2018-04-13,2018-04-06,1,"Kairomone","Pheromone lure"
"E","StopNowCombo","8",483,"Kettleman","Pis","No",15,14,2018-04-13,2018-04-06,0.933333333333333,"Kairomone","Pheromone lure"
"E","StopNowCombo","1",411,"Kettleman","Pis","No",17,16,2018-04-27,2018-04-13,0.941176470588235,"Kairomone","Pheromone lure"
"E","StopNowCombo","2",422,"Kettleman","Pis","No",17,15,2018-04-27,2018-04-13,0.882352941176471,"Kairomone","Pheromone lure"
"E","StopNowCombo","3",432,"Kettleman","Pis","No",13,13,2018-04-27,2018-04-13,1,"Kairomone","Pheromone lure"
"E","StopNowCombo","4",443,"Kettleman","Pis","No",14,12,2018-04-27,2018-04-13,0.857142857142857,"Kairomone","Pheromone lure"
"E","StopNowCombo","5",453,"Kettleman","Pis","No",20,16,2018-04-27,2018-04-13,0.8,"Kairomone","Pheromone lure"
"E","StopNowCombo","6",463,"Kettleman","Pis","No",16,12,2018-04-27,2018-04-13,0.75,"Kairomone","Pheromone lure"
"E","StopNowCombo","7",472,"Kettleman","Pis","No",30,27,2018-04-27,2018-04-13,0.9,"Kairomone","Pheromone lure"
"E","StopNowCombo","8",483,"Kettleman","Pis","No",36,33,2018-04-27,2018-04-13,0.916666666666667,"Kairomone","Pheromone lure"
"E","StopNowCombo","1",411,"Kettleman","Pis","No",13,12,2018-05-07,2018-04-27,0.923076923076923,"Kairomone","Pheromone lure"
"E","StopNowCombo","2",422,"Kettleman","Pis","No",9,9,2018-05-07,2018-04-27,1,"Kairomone","Pheromone lure"
"E","StopNowCombo","3",432,"Kettleman","Pis","No",5,5,2018-05-07,2018-04-27,1,"Kairomone","Pheromone lure"
"E","StopNowCombo","4",443,"Kettleman","Pis","No",8,8,2018-05-07,2018-04-27,1,"Kairomone","Pheromone lure"
"E","StopNowCombo","5",453,"Kettleman","Pis","No",18,12,2018-05-07,2018-04-27,0.666666666666667,"Kairomone","Pheromone lure"
"E","StopNowCombo","6",463,"Kettleman","Pis","No",20,19,2018-05-07,2018-04-27,0.95,"Kairomone","Pheromone lure"
"E","StopNowCombo","7",472,"Kettleman","Pis","No",6,6,2018-05-07,2018-04-27,1,"Kairomone","Pheromone lure"
"E","StopNowCombo","8",483,"Kettleman","Pis","No",15,13,2018-05-07,2018-04-27,0.866666666666667,"Kairomone","Pheromone lure"
"E","StopNowCombo","1",411,"Kettleman","Pis","No",4,3,2018-05-17,2018-05-04,0.75,"Kairomone","Pheromone lure"
"E","StopNowCombo","2",422,"Kettleman","Pis","No",6,4,2018-05-17,2018-05-04,0.666666666666667,"Kairomone","Pheromone lure"
"E","StopNowCombo","3",432,"Kettleman","Pis","No",6,5,2018-05-17,2018-05-04,0.833333333333333,"Kairomone","Pheromone lure"
"E","StopNowCombo","4",443,"Kettleman","Pis","No",5,4,2018-05-17,2018-05-04,0.8,"Kairomone","Pheromone lure"
"E","StopNowCombo","5",453,"Kettleman","Pis","No",9,6,2018-05-17,2018-05-04,0.666666666666667,"Kairomone","Pheromone lure"
"E","StopNowCombo","6",463,"Kettleman","Pis","No",7,4,2018-05-17,2018-05-04,0.571428571428571,"Kairomone","Pheromone lure"
"E","StopNowCombo","7",472,"Kettleman","Pis","No",5,3,2018-05-17,2018-05-04,0.6,"Kairomone","Pheromone lure"
"E","StopNowCombo","8",483,"Kettleman","Pis","No",8,5,2018-05-17,2018-05-04,0.625,"Kairomone","Pheromone lure"
"E","StopNowCombo","1",411,"Kettleman","Pis","No",2,1,2018-05-24,2018-05-17,0.5,"Kairomone","Pheromone lure"
"E","StopNowCombo","2",422,"Kettleman","Pis","No",1,1,2018-05-24,2018-05-17,1,"Kairomone","Pheromone lure"
"E","StopNowCombo","3",432,"Kettleman","Pis","No",1,1,2018-05-24,2018-05-17,1,"Kairomone","Pheromone lure"
"E","StopNowCombo","4",443,"Kettleman","Pis","No",3,3,2018-05-24,2018-05-17,1,"Kairomone","Pheromone lure"
"E","StopNowCombo","5",453,"Kettleman","Pis","No",2,2,2018-05-24,2018-05-17,1,"Kairomone","Pheromone lure"
"E","StopNowCombo","6",463,"Kettleman","Pis","No",4,4,2018-05-24,2018-05-17,1,"Kairomone","Pheromone lure"
"E","StopNowCombo","7",472,"Kettleman","Pis","No",0,0,2018-05-24,2018-05-17,NA,"Kairomone","Pheromone lure"
"E","StopNowCombo","8",483,"Kettleman","Pis","No",3,3,2018-05-24,2018-05-17,1,"Kairomone","Pheromone lure"
"E","StopNowCombo","1",411,"Kettleman","Pis","No",0,0,2018-05-29,2018-05-24,NA,"Kairomone","Pheromone lure"
"E","StopNowCombo","2",422,"Kettleman","Pis","No",0,0,2018-05-29,2018-05-24,NA,"Kairomone","Pheromone lure"
"E","StopNowCombo","3",432,"Kettleman","Pis","No",0,0,2018-05-29,2018-05-24,NA,"Kairomone","Pheromone lure"
"E","StopNowCombo","4",443,"Kettleman","Pis","No",1,1,2018-05-29,2018-05-24,1,"Kairomone","Pheromone lure"
"E","StopNowCombo","5",453,"Kettleman","Pis","No",3,3,2018-05-29,2018-05-24,1,"Kairomone","Pheromone lure"
"E","StopNowCombo","6",463,"Kettleman","Pis","No",5,5,2018-05-29,2018-05-24,1,"Kairomone","Pheromone lure"
"E","StopNowCombo","7",472,"Kettleman","Pis","No",2,2,2018-05-29,2018-05-24,1,"Kairomone","Pheromone lure"
"E","StopNowCombo","8",483,"Kettleman","Pis","No",4,4,2018-05-29,2018-05-24,1,"Kairomone","Pheromone lure"
"E","StopNowCombo","1",411,"Kettleman","Pis","No",1,1,2018-06-07,2018-05-29,1,"Kairomone","Pheromone lure"
"E","StopNowCombo","2",422,"Kettleman","Pis","No",3,3,2018-06-07,2018-05-29,1,"Kairomone","Pheromone lure"
"E","StopNowCombo","3",432,"Kettleman","Pis","No",4,3,2018-06-07,2018-05-29,0.75,"Kairomone","Pheromone lure"
"E","StopNowCombo","4",443,"Kettleman","Pis","No",5,4,2018-06-07,2018-05-29,0.8,"Kairomone","Pheromone lure"
"E","StopNowCombo","5",453,"Kettleman","Pis","No",13,9,2018-06-07,2018-05-29,0.692307692307692,"Kairomone","Pheromone lure"
"E","StopNowCombo","6",463,"Kettleman","Pis","No",10,6,2018-06-07,2018-05-29,0.6,"Kairomone","Pheromone lure"
"E","StopNowCombo","7",472,"Kettleman","Pis","No",11,9,2018-06-07,2018-05-29,0.818181818181818,"Kairomone","Pheromone lure"
"E","StopNowCombo","8",483,"Kettleman","Pis","No",4,3,2018-06-07,2018-05-29,0.75,"Kairomone","Pheromone lure"
"E","StopNowCombo","1",215,"VistaVerde","Pis","Yes",67,60,2018-04-30,2018-04-09,0.895522388059702,"Kairomone","Pheromone lure"
"E","StopNowCombo","2",221,"VistaVerde","Pis","Yes",49,42,2018-04-30,2018-04-09,0.857142857142857,"Kairomone","Pheromone lure"
"E","StopNowCombo","3",232,"VistaVerde","Pis","Yes",32,28,2018-04-30,2018-04-09,0.875,"Kairomone","Pheromone lure"
"E","StopNowCombo","4",241,"VistaVerde","Pis","Yes",32,28,2018-04-30,2018-04-09,0.875,"Kairomone","Pheromone lure"
"E","StopNowCombo","5",255,"VistaVerde","Pis","Yes",32,28,2018-04-30,2018-04-09,0.875,"Kairomone","Pheromone lure"
"E","StopNowCombo","6",262,"VistaVerde","Pis","Yes",31,27,2018-04-30,2018-04-09,0.870967741935484,"Kairomone","Pheromone lure"
"E","StopNowCombo","7",274,"VistaVerde","Pis","Yes",20,19,2018-04-30,2018-04-09,0.95,"Kairomone","Pheromone lure"
"E","StopNowCombo","8",285,"VistaVerde","Pis","Yes",49,44,2018-04-30,2018-04-09,0.897959183673469,"Kairomone","Pheromone lure"
"E","StopNowCombo","1",215,"VistaVerde","Pis","Yes",38,36,2018-05-08,2018-04-30,0.947368421052632,"Kairomone","Pheromone lure"
"E","StopNowCombo","2",221,"VistaVerde","Pis","Yes",25,24,2018-05-08,2018-04-30,0.96,"Kairomone","Pheromone lure"
"E","StopNowCombo","3",232,"VistaVerde","Pis","Yes",20,18,2018-05-08,2018-04-30,0.9,"Kairomone","Pheromone lure"
"E","StopNowCombo","4",241,"VistaVerde","Pis","Yes",19,16,2018-05-08,2018-04-30,0.842105263157895,"Kairomone","Pheromone lure"
"E","StopNowCombo","5",255,"VistaVerde","Pis","Yes",14,13,2018-05-08,2018-04-30,0.928571428571429,"Kairomone","Pheromone lure"
"E","StopNowCombo","6",262,"VistaVerde","Pis","Yes",18,16,2018-05-08,2018-04-30,0.888888888888889,"Kairomone","Pheromone lure"
"E","StopNowCombo","7",274,"VistaVerde","Pis","Yes",18,12,2018-05-08,2018-04-30,0.666666666666667,"Kairomone","Pheromone lure"
"E","StopNowCombo","8",285,"VistaVerde","Pis","Yes",17,17,2018-05-08,2018-04-30,1,"Kairomone","Pheromone lure"
"E","StopNowCombo","1",215,"VistaVerde","Pis","Yes",7,5,2018-05-15,2018-05-08,0.714285714285714,"Kairomone","Pheromone lure"
"E","StopNowCombo","2",221,"VistaVerde","Pis","Yes",7,1,2018-05-15,2018-05-08,0.142857142857143,"Kairomone","Pheromone lure"
"E","StopNowCombo","3",232,"VistaVerde","Pis","Yes",11,5,2018-05-15,2018-05-08,0.454545454545455,"Kairomone","Pheromone lure"
"E","StopNowCombo","4",241,"VistaVerde","Pis","Yes",8,3,2018-05-15,2018-05-08,0.375,"Kairomone","Pheromone lure"
"E","StopNowCombo","5",255,"VistaVerde","Pis","Yes",7,5,2018-05-15,2018-05-08,0.714285714285714,"Kairomone","Pheromone lure"
"E","StopNowCombo","6",262,"VistaVerde","Pis","Yes",7,6,2018-05-15,2018-05-08,0.857142857142857,"Kairomone","Pheromone lure"
"E","StopNowCombo","7",274,"VistaVerde","Pis","Yes",2,1,2018-05-15,2018-05-08,0.5,"Kairomone","Pheromone lure"
"E","StopNowCombo","8",285,"VistaVerde","Pis","Yes",3,0,2018-05-15,2018-05-08,0,"Kairomone","Pheromone lure"
"E","StopNowCombo","1",215,"VistaVerde","Pis","Yes",1,1,2018-05-23,2018-05-15,1,"Kairomone","Pheromone lure"
"E","StopNowCombo","2",221,"VistaVerde","Pis","Yes",1,1,2018-05-23,2018-05-15,1,"Kairomone","Pheromone lure"
"E","StopNowCombo","3",232,"VistaVerde","Pis","Yes",1,1,2018-05-23,2018-05-15,1,"Kairomone","Pheromone lure"
"E","StopNowCombo","4",241,"VistaVerde","Pis","Yes",0,0,2018-05-23,2018-05-15,NA,"Kairomone","Pheromone lure"
"E","StopNowCombo","5",255,"VistaVerde","Pis","Yes",2,2,2018-05-23,2018-05-15,1,"Kairomone","Pheromone lure"
"E","StopNowCombo","6",262,"VistaVerde","Pis","Yes",1,1,2018-05-23,2018-05-15,1,"Kairomone","Pheromone lure"
"E","StopNowCombo","7",274,"VistaVerde","Pis","Yes",0,0,2018-05-23,2018-05-15,NA,"Kairomone","Pheromone lure"
"E","StopNowCombo","8",285,"VistaVerde","Pis","Yes",2,2,2018-05-23,2018-05-15,1,"Kairomone","Pheromone lure"
"E","StopNowCombo","2",221,"VistaVerde","Pis","Yes",0,0,2018-05-31,2018-05-23,NA,"Kairomone","Pheromone lure"
"E","StopNowCombo","4",241,"VistaVerde","Pis","Yes",0,0,2018-05-31,2018-05-23,NA,"Kairomone","Pheromone lure"
"E","StopNowCombo","5",255,"VistaVerde","Pis","Yes",0,0,2018-05-31,2018-05-23,NA,"Kairomone","Pheromone lure"
"E","StopNowCombo","6",262,"VistaVerde","Pis","Yes",0,0,2018-05-31,2018-05-23,NA,"Kairomone","Pheromone lure"
"E","StopNowCombo","7",274,"VistaVerde","Pis","Yes",0,0,2018-05-31,2018-05-23,NA,"Kairomone","Pheromone lure"
"E","StopNowCombo","8",285,"VistaVerde","Pis","Yes",0,0,2018-05-31,2018-05-23,NA,"Kairomone","Pheromone lure"
"E","StopNowCombo","1",215,"VistaVerde","Pis","Yes",3,1,2018-06-12,2018-05-31,0.333333333333333,"Kairomone","Pheromone lure"
"E","StopNowCombo","2",221,"VistaVerde","Pis","Yes",2,0,2018-06-12,2018-05-31,0,"Kairomone","Pheromone lure"
"E","StopNowCombo","3",232,"VistaVerde","Pis","Yes",0,0,2018-06-12,2018-05-31,NA,"Kairomone","Pheromone lure"
"E","StopNowCombo","4",241,"VistaVerde","Pis","Yes",0,0,2018-06-12,2018-05-31,NA,"Kairomone","Pheromone lure"
"E","StopNowCombo","5",255,"VistaVerde","Pis","Yes",2,1,2018-06-12,2018-05-31,0.5,"Kairomone","Pheromone lure"
"E","StopNowCombo","6",262,"VistaVerde","Pis","Yes",1,1,2018-06-12,2018-05-31,1,"Kairomone","Pheromone lure"
"E","StopNowCombo","7",274,"VistaVerde","Pis","Yes",0,0,2018-06-12,2018-05-31,NA,"Kairomone","Pheromone lure"
"E","StopNowCombo","8",285,"VistaVerde","Pis","Yes",0,0,2018-06-12,2018-05-31,NA,"Kairomone","Pheromone lure"
